PKEY,TOKEN,0_,1_,2_,3_,4_,5_,6_,7_,8_
8,practic,0.38,0.43,0.23,0.16,0.22,0.36,0.49,0.29,0.34
30,potenti,0.43,0.41,0.42,0.84,0.39,0.45,0.58,0.15,0.39
41,power,0.37,0.34,0.26,0.64,0.44,0.14,0.14,0.82,0.13
51,prefer,0.58,0.66,0.55,0.79,0.22,0.60,0.60,0.38,0.58
64,prelud,0.02,0.05,0.08,0.02,0.14,0.05,0.05,0.06,0.04
83,predefin,0.10,0.07,0.09,0.03,0.08,0.02,0.16,0.12,0.14
87,predetermin,0.27,0.27,0.22,0.12,0.17,0.21,0.42,0.62,0.37
91,predict,0.15,0.10,0.01,0.64,0.06,0.12,0.33,0.15,0.05
128,point,0.63,0.71,0.82,0.78,0.39,0.52,0.56,0.82,0.61
140,polici,0.13,0.10,0.04,0.67,0.06,0.02,0.19,0.26,0.14
149,possess,0.14,0.35,0.21,0.05,0.25,0.02,0.05,0.18,0.10
151,possibl,0.58,0.61,0.40,0.72,0.53,0.50,0.60,0.12,0.48
152,post,0.19,0.08,0.13,0.03,0.36,0.26,0.07,0.12,0.21
167,posit,0.37,0.36,0.34,0.12,0.22,0.19,0.42,0.88,0.31
175,popul,0.14,0.08,0.10,0.71,0.03,0.10,0.14,0.09,0.08
181,port,0.18,0.16,0.12,0.05,0.19,0.07,0.07,0.24,0.09
182,portabl,0.28,0.28,0.35,0.03,0.39,0.19,0.09,0.76,0.14
183,portal,0.08,0.11,0.16,0.05,0.08,0.24,0.02,0.03,0.10
186,portion,0.50,0.40,0.48,0.71,0.56,0.26,0.74,0.59,0.59
193,profit,0.15,0.08,0.08,0.67,0.03,0.19,0.21,0.12,0.20
194,produc,0.31,0.39,0.14,0.71,0.25,0.21,0.40,0.09,0.22
195,product,0.61,0.51,0.68,0.69,0.58,0.67,0.79,0.79,0.60
202,profil,0.24,0.31,0.23,0.84,0.28,0.19,0.35,0.18,0.17
208,program,0.75,0.73,0.74,0.97,0.64,0.71,0.84,0.88,0.73
211,programm,0.18,0.19,0.25,0.03,0.25,0.05,0.09,0.03,0.12
225,problem,0.47,0.51,0.32,0.76,0.31,0.36,0.37,0.12,0.24
229,procedur,0.23,0.34,0.21,0.09,0.14,0.36,0.33,0.50,0.22
231,proceed,0.10,0.16,0.16,0.07,0.06,0.14,0.14,0.26,0.08
232,process,0.96,0.98,0.94,0.98,0.89,1.00,0.88,0.97,0.89
235,processor,0.66,0.80,0.84,0.88,0.75,0.76,0.65,0.50,0.69
240,prepaid,0.07,0.14,0.34,0.09,0.11,0.12,0.05,0.21,0.21
242,propag,0.06,0.05,0.16,0.02,0.03,0.02,0.02,0.47,0.06
246,proper,0.18,0.24,0.09,0.03,0.06,0.26,0.07,0.12,0.14
255,proprietari,0.16,0.19,0.13,0.62,0.08,0.17,0.16,0.06,0.14
261,prospect,0.09,0.01,0.01,0.71,0.06,0.07,0.40,0.03,0.09
268,prohibit,0.05,0.11,0.05,0.02,0.06,0.12,0.07,0.03,0.09
281,promot,0.24,0.07,0.13,0.24,0.08,0.05,0.12,0.09,0.14
282,prompt,0.17,0.40,0.26,0.03,0.14,0.36,0.26,0.12,0.20
296,pressur,0.06,0.05,0.03,0.03,0.03,0.02,0.02,0.24,0.02
311,present,0.95,0.98,0.95,0.98,0.86,0.95,0.95,0.88,0.94
314,prepar,0.15,0.07,0.05,0.03,0.08,0.10,0.14,0.03,0.17
345,prior,0.54,0.70,0.53,0.36,0.39,0.57,0.53,0.74,0.59
348,prevent,0.32,0.59,0.31,0.17,0.47,0.07,0.16,0.09,0.20
355,privat,0.34,0.59,0.32,0.17,0.89,0.55,0.30,0.15,0.31
358,print,0.29,0.33,0.22,0.03,0.22,0.07,0.19,0.21,0.22
359,principl,0.12,0.17,0.09,0.02,0.14,0.07,0.23,0.03,0.17
364,previou,0.26,0.19,0.23,0.76,0.31,0.19,0.12,0.03,0.15
374,primari,0.23,0.36,0.25,0.17,0.08,0.17,0.19,0.56,0.21
375,primarili,0.09,0.10,0.14,0.66,0.17,0.21,0.12,0.38,0.08
393,peopl,0.29,0.16,0.14,0.03,0.08,0.36,0.47,0.09,0.14
397,per,0.27,0.20,0.14,0.03,0.11,0.12,0.26,0.18,0.24
422,peer,0.04,0.05,0.03,0.05,0.11,0.12,0.07,0.03,0.02
430,perform,0.82,0.87,0.82,1.00,0.81,0.83,0.86,0.97,0.83
434,person,0.80,0.89,0.90,0.91,0.78,0.90,0.84,0.94,0.70
442,pertain,0.14,0.12,0.10,0.09,0.03,0.07,0.16,0.12,0.13
461,period,0.48,0.40,0.29,0.79,0.42,0.31,0.84,0.94,0.59
470,permiss,0.12,0.12,0.03,0.03,0.08,0.05,0.12,0.09,0.04
471,permit,0.34,0.37,0.42,0.07,0.22,0.50,0.12,0.59,0.31
485,pattern,0.19,0.23,0.12,0.84,0.11,0.02,0.26,0.32,0.12
493,pay,0.46,0.43,0.64,0.26,0.36,0.71,0.49,0.18,0.61
514,password,0.24,0.54,0.32,0.03,0.22,0.38,0.07,0.15,0.17
518,past,0.24,0.12,0.13,0.19,0.19,0.24,0.26,0.06,0.19
522,patent,0.26,0.29,0.31,0.14,0.19,0.33,0.23,0.56,0.26
548,pda,0.29,0.27,0.53,0.14,0.28,0.43,0.05,0.18,0.20
559,payment,0.70,0.84,0.99,0.93,0.78,0.98,0.58,0.76,0.81
577,plan,0.18,0.04,0.03,0.05,0.06,0.07,0.91,0.15,0.21
595,platform,0.26,0.17,0.32,0.14,0.25,0.24,0.28,0.12,0.25
616,place,0.60,0.67,0.62,0.72,0.56,0.81,0.42,0.74,0.57
624,plu,0.06,0.10,0.05,0.07,0.17,0.17,0.07,0.03,0.08
632,plural,0.65,0.49,0.49,0.93,0.58,0.60,0.70,0.32,0.62
691,phrase,0.10,0.12,0.09,0.02,0.19,0.14,0.07,0.03,0.10
693,phone,0.55,0.66,0.86,0.19,0.61,0.71,0.23,0.88,0.42
719,pin,0.13,0.51,0.58,0.09,0.11,0.24,0.05,0.38,0.23
730,physic,0.56,0.75,0.73,0.19,0.61,0.57,0.16,0.35,0.40
757,pictur,0.18,0.07,0.17,0.66,0.06,0.12,0.02,0.09,0.04
774,report,0.36,0.23,0.18,0.78,0.14,0.40,0.58,0.62,0.37
776,repositori,0.06,0.07,0.03,0.05,0.14,0.14,0.07,0.03,0.07
781,repres,0.56,0.67,0.45,0.86,0.67,0.62,0.84,0.50,0.55
787,replac,0.21,0.36,0.27,0.10,0.08,0.17,0.21,0.12,0.17
809,repeat,0.16,0.11,0.06,0.16,0.03,0.07,0.09,0.06,0.07
817,research,0.16,0.07,0.04,0.66,0.06,0.12,0.30,0.06,0.12
828,resid,0.34,0.18,0.36,0.09,0.19,0.33,0.23,0.38,0.22
846,request,0.72,0.89,0.82,0.29,0.75,0.88,0.37,0.62,0.72
851,requir,0.82,0.98,0.87,0.36,0.92,0.93,0.91,0.82,0.83
861,render,0.15,0.08,0.04,0.05,0.11,0.10,0.09,0.03,0.12
863,regist,0.36,0.45,0.47,0.03,0.39,0.57,0.14,0.47,0.28
869,regular,0.12,0.13,0.06,0.09,0.17,0.38,0.14,0.03,0.16
887,reflect,0.22,0.14,0.16,0.78,0.08,0.21,0.16,0.06,0.25
905,regard,0.47,0.36,0.34,0.86,0.42,0.40,0.63,0.79,0.50
906,regardless,0.15,0.08,0.10,0.03,0.14,0.02,0.23,0.21,0.16
915,remain,0.34,0.40,0.18,0.69,0.28,0.29,0.28,0.15,0.29
927,remot,0.51,0.52,0.52,0.12,0.25,0.33,0.28,0.91,0.29
929,remov,0.29,0.27,0.38,0.07,0.36,0.17,0.14,0.38,0.22
937,reject,0.08,0.06,0.06,0.02,0.17,0.24,0.07,0.29,0.11
938,rel,0.32,0.30,0.18,0.12,0.11,0.40,0.44,0.71,0.31
939,relat,0.94,0.95,0.94,0.98,0.83,1.00,1.00,0.94,0.95
941,relationship,0.28,0.27,0.26,0.86,0.17,0.36,0.26,0.26,0.35
947,relev,0.27,0.22,0.25,0.22,0.25,0.33,0.30,0.18,0.25
948,reli,0.23,0.27,0.12,0.69,0.19,0.07,0.21,0.09,0.12
949,reliabl,0.17,0.13,0.06,0.64,0.17,0.07,0.05,0.06,0.07
958,ring,0.03,0.05,0.04,0.03,0.03,0.02,0.02,0.44,0.03
969,risk,0.22,0.58,0.30,0.93,0.36,0.48,0.84,0.38,0.47
982,rfid,0.14,0.17,0.32,0.07,0.14,0.02,0.02,0.59,0.11
1014,role,0.10,0.07,0.10,0.02,0.06,0.12,0.16,0.09,0.08
1021,rom,0.10,0.12,0.25,0.05,0.19,0.17,0.14,0.18,0.11
1057,result,0.68,0.67,0.60,0.95,0.61,0.50,0.86,0.91,0.64
1064,restrict,0.25,0.19,0.18,0.66,0.19,0.26,0.21,0.68,0.25
1065,retail,0.29,0.29,0.56,0.76,0.17,0.36,0.19,0.59,0.29
1079,resourc,0.36,0.23,0.13,0.05,0.44,0.17,0.23,0.06,0.18
1083,respect,0.60,0.58,0.48,0.88,0.69,0.67,0.53,0.68,0.53
1085,respond,0.23,0.22,0.29,0.09,0.14,0.38,0.16,0.50,0.12
1090,rest,0.06,0.08,0.03,0.03,0.03,0.12,0.07,0.06,0.05
1106,review,0.21,0.19,0.12,0.07,0.22,0.26,0.35,0.53,0.21
1114,reward,0.14,0.18,0.18,0.09,0.39,0.10,0.21,0.68,0.23
1130,retriev,0.40,0.37,0.44,0.69,0.42,0.50,0.19,0.38,0.32
1135,return,0.44,0.37,0.35,0.16,0.22,0.33,0.65,0.15,0.43
1144,reveal,0.09,0.11,0.01,0.16,0.08,0.05,0.09,0.03,0.04
1147,protect,0.32,0.66,0.32,0.72,0.31,0.33,0.49,0.26,0.34
1161,queri,0.24,0.24,0.19,0.12,0.31,0.17,0.12,0.03,0.21
1194,quickli,0.16,0.07,0.16,0.09,0.08,0.19,0.16,0.03,0.13
1239,radio,0.33,0.25,0.52,0.09,0.08,0.14,0.14,0.76,0.25
1272,protocol,0.47,0.51,0.52,0.14,0.47,0.38,0.16,0.74,0.22
1284,provid,0.99,0.99,1.00,1.00,0.97,1.00,0.98,1.00,0.99
1285,provis,0.10,0.14,0.16,0.07,0.06,0.29,0.23,0.15,0.17
1288,proxim,0.26,0.13,0.47,0.05,0.06,0.05,0.05,0.79,0.10
1311,put,0.15,0.13,0.03,0.09,0.33,0.12,0.26,0.06,0.11
1323,public,0.46,0.57,0.35,0.12,0.83,0.48,0.33,0.15,0.36
1326,publish,0.24,0.13,0.08,0.07,0.22,0.14,0.21,0.50,0.12
1341,recognit,0.16,0.25,0.14,0.05,0.03,0.10,0.05,0.53,0.11
1348,reconcil,0.03,0.08,0.05,0.02,0.03,0.12,0.02,0.06,0.05
1359,record,0.56,0.59,0.48,0.81,0.72,0.50,0.37,0.47,0.46
1360,recogn,0.32,0.43,0.27,0.57,0.17,0.36,0.30,0.59,0.26
1364,receipt,0.27,0.37,0.66,0.05,0.08,0.38,0.14,0.21,0.38
1365,receiv,0.93,0.98,0.99,0.98,0.94,1.00,0.95,0.97,0.96
1370,recent,0.25,0.29,0.14,0.78,0.11,0.43,0.21,0.12,0.22
1386,random,0.23,0.31,0.23,0.05,0.36,0.17,0.26,0.03,0.15
1389,reduc,0.44,0.53,0.32,0.83,0.33,0.40,0.53,0.32,0.44
1390,reduct,0.08,0.07,0.06,0.07,0.06,0.17,0.12,0.06,0.08
1403,refer,0.90,0.96,0.79,0.97,0.81,0.83,0.88,0.88,0.90
1454,reach,0.22,0.17,0.08,0.05,0.14,0.21,0.40,0.09,0.20
1456,rather,0.41,0.41,0.34,0.76,0.36,0.57,0.49,0.38,0.37
1464,rang,0.46,0.28,0.38,0.76,0.14,0.02,0.40,0.62,0.30
1479,rate,0.35,0.27,0.06,0.81,0.50,0.48,0.84,0.35,0.50
1489,reason,0.26,0.29,0.18,0.10,0.28,0.48,0.40,0.12,0.26
1510,read,0.45,0.57,0.53,0.09,0.42,0.33,0.28,0.79,0.38
1511,readabl,0.34,0.33,0.45,0.43,0.39,0.31,0.37,0.32,0.33
1513,reader,0.28,0.60,0.62,0.05,0.14,0.31,0.07,0.71,0.26
1515,readili,0.22,0.27,0.19,0.69,0.06,0.14,0.19,0.59,0.21
1520,real,0.28,0.36,0.26,0.17,0.28,0.26,0.40,0.21,0.27
1525,realiz,0.14,0.24,0.12,0.07,0.08,0.12,0.44,0.56,0.16
1534,mobil,0.52,0.51,0.96,0.14,0.69,0.64,0.16,0.41,0.37
1540,mode,0.24,0.19,0.35,0.14,0.19,0.14,0.12,0.24,0.19
1542,model,0.31,0.19,0.09,0.93,0.17,0.24,0.44,0.18,0.18
1544,modem,0.16,0.17,0.22,0.07,0.19,0.12,0.14,0.32,0.14
1549,modif,0.26,0.29,0.26,0.16,0.08,0.17,0.16,0.09,0.20
1550,modifi,0.31,0.47,0.13,0.16,0.19,0.21,0.37,0.12,0.26
1553,modul,0.42,0.57,0.40,0.22,0.44,0.38,0.60,0.82,0.38
1590,monitor,0.44,0.19,0.14,0.78,0.50,0.33,0.42,0.32,0.29
1600,monetari,0.14,0.10,0.14,0.05,0.22,0.38,0.23,0.06,0.18
1625,pass,0.28,0.43,0.31,0.07,0.03,0.31,0.14,0.62,0.29
1630,million,0.15,0.19,0.12,0.74,0.08,0.02,0.12,0.18,0.12
1649,minim,0.17,0.28,0.12,0.71,0.03,0.14,0.37,0.12,0.18
1657,might,0.26,0.29,0.19,0.10,0.25,0.12,0.40,0.09,0.21
1690,miss,0.09,0.05,0.01,0.02,0.03,0.12,0.23,0.03,0.05
1697,minimum,0.13,0.11,0.05,0.03,0.08,0.19,0.47,0.29,0.21
1720,month,0.19,0.07,0.04,0.66,0.06,0.07,0.33,0.12,0.21
1721,monthli,0.07,0.10,0.12,0.05,0.06,0.14,0.26,0.09,0.20
1730,multipl,0.71,0.70,0.62,0.36,0.78,0.55,0.65,0.79,0.62
1734,multipli,0.04,0.01,0.03,0.02,0.03,0.02,0.07,0.03,0.05
1754,much,0.31,0.18,0.21,0.07,0.25,0.45,0.44,0.12,0.21
1785,name,0.53,0.63,0.51,0.83,0.58,0.74,0.37,0.15,0.53
1803,must,0.50,0.51,0.38,0.66,0.28,0.52,0.47,0.62,0.47
1807,mutual,0.08,0.12,0.08,0.16,0.19,0.07,0.42,0.53,0.15
1856,moreov,0.23,0.31,0.21,0.21,0.08,0.24,0.37,0.50,0.31
1894,move,0.28,0.24,0.21,0.02,0.31,0.29,0.30,0.74,0.21
1896,movement,0.10,0.05,0.03,0.02,0.11,0.14,0.02,0.15,0.08
1934,market,0.46,0.18,0.29,0.74,0.28,0.29,0.77,0.59,0.43
1937,map,0.22,0.14,0.10,0.05,0.17,0.24,0.09,0.15,0.10
1938,manipul,0.17,0.12,0.09,0.66,0.08,0.05,0.14,0.18,0.11
1939,manner,0.51,0.58,0.51,0.78,0.31,0.62,0.44,0.38,0.56
1944,manual,0.25,0.25,0.44,0.62,0.14,0.36,0.21,0.24,0.26
1945,manufactur,0.30,0.33,0.13,0.64,0.14,0.14,0.09,0.26,0.17
1963,matter,0.18,0.08,0.09,0.05,0.08,0.14,0.19,0.03,0.17
1970,maximum,0.14,0.13,0.12,0.67,0.06,0.17,0.33,0.29,0.17
1986,master,0.08,0.11,0.05,0.02,0.06,0.10,0.09,0.06,0.10
1992,match,0.36,0.45,0.26,0.50,0.50,0.33,0.33,0.47,0.24
1998,materi,0.25,0.14,0.14,0.07,0.03,0.17,0.21,0.12,0.17
2014,made,0.70,0.75,0.86,0.91,0.56,0.95,0.77,0.79,0.77
2024,magnet,0.25,0.70,0.55,0.10,0.31,0.17,0.28,0.44,0.35
2032,mani,0.77,0.73,0.56,0.91,0.50,0.81,0.84,0.91,0.74
2048,machin,0.38,0.55,0.40,0.79,0.17,0.43,0.26,0.18,0.36
2061,manag,0.70,0.59,0.61,0.91,0.72,0.74,0.86,0.88,0.66
2088,main,0.19,0.14,0.10,0.05,0.11,0.14,0.14,0.06,0.08
2089,mainfram,0.05,0.23,0.10,0.05,0.06,0.10,0.09,0.41,0.10
2092,maintain,0.59,0.63,0.48,0.78,0.67,0.79,0.47,0.59,0.57
2093,mainten,0.13,0.08,0.03,0.03,0.03,0.12,0.14,0.09,0.10
2095,make,0.79,0.82,0.84,0.93,0.72,0.90,0.81,0.26,0.79
2111,method,0.97,0.99,1.00,1.00,1.00,1.00,0.98,1.00,1.00
2113,methodolog,0.10,0.07,0.05,0.07,0.03,0.02,0.12,0.06,0.10
2128,messag,0.56,0.70,0.69,0.22,0.53,0.83,0.14,0.26,0.40
2159,microphon,0.08,0.12,0.08,0.03,0.11,0.07,0.07,0.21,0.07
2160,microprocessor,0.14,0.27,0.19,0.07,0.31,0.02,0.07,0.71,0.11
2165,microsoft,0.15,0.06,0.06,0.05,0.11,0.10,0.16,0.21,0.09
2197,mere,0.16,0.23,0.09,0.05,0.25,0.21,0.19,0.15,0.16
2204,measur,0.28,0.28,0.16,0.72,0.22,0.21,0.26,0.24,0.19
2206,mechan,0.43,0.47,0.43,0.10,0.47,0.57,0.33,0.21,0.35
2210,media,0.44,0.37,0.45,0.16,0.28,0.26,0.21,0.50,0.23
2220,medium,0.49,0.60,0.57,0.60,0.72,0.48,0.67,0.38,0.53
2235,mean,0.66,0.70,0.52,0.79,0.39,0.71,0.56,0.91,0.62
2248,mention,0.13,0.11,0.13,0.07,0.08,0.17,0.16,0.06,0.12
2250,memori,0.62,0.70,0.75,0.88,0.64,0.64,0.63,0.91,0.53
2266,merchant,0.27,0.78,0.83,0.24,0.53,0.71,0.12,0.59,0.47
2273,meet,0.22,0.20,0.13,0.67,0.17,0.14,0.56,0.56,0.24
2289,member,0.26,0.18,0.17,0.14,0.25,0.48,0.21,0.09,0.24
2290,membership,0.09,0.08,0.08,0.03,0.03,0.05,0.05,0.09,0.04
2296,origin,0.33,0.42,0.18,0.09,0.25,0.33,0.23,0.12,0.28
2316,orient,0.09,0.05,0.06,0.03,0.06,0.02,0.02,0.21,0.03
2328,order,0.77,0.88,0.81,0.86,0.89,0.74,0.74,0.65,0.71
2332,ordinari,0.21,0.31,0.21,0.74,0.11,0.10,0.40,0.09,0.21
2339,organ,0.42,0.35,0.18,0.66,0.28,0.36,0.49,0.29,0.38
2353,outlin,0.04,0.07,0.03,0.62,0.06,0.17,0.07,0.03,0.04
2361,output,0.34,0.37,0.25,0.72,0.36,0.14,0.44,0.21,0.23
2398,omit,0.04,0.06,0.06,0.02,0.08,0.07,0.09,0.03,0.06
2406,one,0.99,1.00,1.00,1.00,0.97,1.00,0.98,1.00,0.99
2419,often,0.48,0.45,0.34,0.55,0.44,0.40,0.42,0.29,0.50
2437,onlin,0.38,0.49,0.58,0.83,0.58,0.69,0.30,0.50,0.38
2440,oper,0.90,0.83,0.88,0.93,0.81,0.81,0.79,1.00,0.81
2449,opportun,0.28,0.22,0.16,0.78,0.08,0.33,0.33,0.06,0.21
2452,opposit,0.05,0.04,0.01,0.03,0.06,0.02,0.07,0.03,0.03
2453,opt,0.04,0.02,0.05,0.02,0.14,0.10,0.09,0.03,0.03
2454,optic,0.28,0.36,0.36,0.07,0.19,0.19,0.30,0.53,0.26
2455,optim,0.19,0.01,0.08,0.10,0.11,0.17,0.44,0.15,0.16
2457,option,0.53,0.49,0.66,0.12,0.39,0.74,0.63,0.59,0.69
2468,onto,0.16,0.25,0.34,0.07,0.28,0.17,0.07,0.18,0.23
2481,open,0.34,0.40,0.38,0.71,0.33,0.52,0.16,0.06,0.32
2484,outsid,0.25,0.12,0.16,0.12,0.22,0.21,0.14,0.15,0.19
2516,paid,0.27,0.11,0.14,0.03,0.14,0.21,0.26,0.06,0.36
2520,pair,0.13,0.19,0.16,0.10,0.33,0.02,0.02,0.15,0.08
2535,parti,0.48,0.71,0.61,0.66,0.72,0.81,0.51,0.35,0.60
2536,partial,0.16,0.24,0.10,0.07,0.19,0.26,0.21,0.06,0.21
2538,particip,0.26,0.28,0.29,0.69,0.61,0.43,0.44,0.06,0.41
2541,particular,0.79,0.87,0.82,0.98,0.69,0.60,0.86,0.38,0.80
2543,particularli,0.51,0.48,0.57,0.22,0.25,0.55,0.70,0.79,0.58
2545,part,0.71,0.71,0.48,0.47,0.67,0.69,0.63,0.85,0.71
2559,parallel,0.12,0.16,0.08,0.02,0.08,0.02,0.05,0.53,0.05
2562,paramet,0.23,0.34,0.22,0.74,0.08,0.12,0.37,0.24,0.21
2646,packag,0.24,0.07,0.10,0.05,0.06,0.12,0.19,0.06,0.13
2652,owner,0.36,0.34,0.23,0.02,0.19,0.19,0.16,0.24,0.25
2653,owe,0.04,0.02,0.01,0.02,0.06,0.14,0.14,0.03,0.11
2668,overview,0.12,0.12,0.16,0.07,0.17,0.38,0.21,0.09,0.13
2704,new,0.60,0.60,0.39,0.43,0.78,0.64,0.49,0.29,0.53
2714,next,0.33,0.30,0.08,0.76,0.08,0.29,0.23,0.06,0.22
2782,near,0.24,0.25,0.66,0.05,0.17,0.17,0.16,0.24,0.21
2784,navig,0.15,0.07,0.08,0.02,0.03,0.10,0.07,0.03,0.04
2791,necessari,0.33,0.45,0.34,0.24,0.25,0.21,0.37,0.12,0.35
2792,necessarili,0.27,0.24,0.16,0.09,0.22,0.38,0.26,0.09,0.23
2815,natur,0.31,0.24,0.12,0.09,0.14,0.12,0.49,0.09,0.25
2832,need,0.83,0.87,0.82,0.97,0.72,0.88,0.91,0.88,0.75
2838,network,0.83,0.88,0.94,0.97,1.00,0.93,0.51,0.97,0.78
2852,neg,0.06,0.12,0.06,0.12,0.06,0.10,0.12,0.03,0.11
2857,negoti,0.08,0.05,0.05,0.02,0.06,0.12,0.16,0.03,0.10
2861,neither,0.07,0.14,0.12,0.02,0.08,0.07,0.07,0.09,0.08
2886,object,0.50,0.35,0.35,0.31,0.17,0.26,0.67,0.74,0.38
2888,oblig,0.05,0.04,0.03,0.09,0.17,0.21,0.26,0.06,0.23
2895,numer,0.38,0.45,0.48,0.09,0.25,0.36,0.60,0.24,0.34
2933,offer,0.57,0.42,0.43,0.81,0.58,0.64,0.70,0.18,0.61
2936,offic,0.28,0.11,0.12,0.05,0.06,0.14,0.21,0.09,0.15
2946,obtain,0.62,0.63,0.62,0.86,0.56,0.52,0.63,0.44,0.55
2955,occur,0.47,0.59,0.49,0.83,0.28,0.48,0.28,0.35,0.49
2956,occurr,0.11,0.08,0.05,0.09,0.08,0.02,0.12,0.18,0.11
2963,number,0.88,1.00,0.95,1.00,0.69,0.98,0.91,0.91,0.90
2984,normal,0.22,0.27,0.27,0.14,0.17,0.12,0.28,0.03,0.21
3014,novel,0.15,0.08,0.04,0.09,0.06,0.02,0.09,0.03,0.15
3047,note,0.39,0.47,0.27,0.72,0.14,0.33,0.40,0.59,0.36
3051,notic,0.14,0.11,0.12,0.03,0.11,0.26,0.14,0.03,0.12
3052,notif,0.17,0.19,0.26,0.16,0.31,0.67,0.07,0.24,0.23
3053,notifi,0.22,0.17,0.16,0.03,0.11,0.50,0.14,0.32,0.19
3080,unavail,0.05,0.02,0.03,0.64,0.06,0.05,0.07,0.03,0.06
3114,underli,0.12,0.10,0.08,0.05,0.22,0.02,0.30,0.09,0.14
3125,understand,0.37,0.28,0.27,0.71,0.17,0.17,0.44,0.38,0.24
3126,understood,0.41,0.43,0.40,0.72,0.22,0.43,0.49,0.74,0.51
3153,unabl,0.09,0.13,0.13,0.09,0.03,0.14,0.12,0.47,0.12
3158,turn,0.33,0.20,0.32,0.72,0.17,0.24,0.37,0.24,0.33
3175,two,0.63,0.71,0.58,0.78,0.69,0.81,0.70,0.44,0.56
3211,ultim,0.11,0.13,0.09,0.03,0.08,0.17,0.23,0.06,0.10
3229,type,0.84,0.95,0.84,0.97,0.69,0.86,0.81,0.91,0.90
3233,typic,0.67,0.80,0.61,0.86,0.50,0.86,0.74,0.76,0.73
3344,unless,0.20,0.25,0.09,0.07,0.19,0.19,0.23,0.06,0.19
3404,uniqu,0.55,0.67,0.53,0.74,0.28,0.64,0.19,0.68,0.33
3408,unit,0.47,0.45,0.29,0.55,0.42,0.21,0.40,0.24,0.42
3413,unix,0.06,0.11,0.04,0.03,0.06,0.02,0.12,0.41,0.05
3477,time,0.91,0.84,0.90,0.97,0.83,0.93,0.98,0.97,0.91
3490,tool,0.20,0.14,0.08,0.12,0.17,0.19,0.58,0.06,0.17
3521,today,0.20,0.22,0.16,0.03,0.08,0.31,0.16,0.18,0.13
3524,togeth,0.27,0.24,0.19,0.10,0.28,0.10,0.23,0.12,0.23
3531,token,0.17,0.36,0.26,0.03,0.33,0.10,0.02,0.03,0.09
3573,thereon,0.16,0.11,0.19,0.43,0.19,0.17,0.21,0.15,0.21
3578,therebi,0.30,0.41,0.22,0.12,0.53,0.29,0.28,0.21,0.31
3579,therefor,0.48,0.58,0.43,0.83,0.58,0.48,0.44,0.68,0.43
3581,therein,0.19,0.12,0.18,0.66,0.19,0.24,0.14,0.12,0.22
3582,thereof,0.40,0.52,0.31,0.60,0.39,0.33,0.26,0.15,0.40
3585,thing,0.15,0.12,0.06,0.07,0.19,0.19,0.12,0.09,0.15
3595,throughout,0.26,0.35,0.16,0.07,0.28,0.43,0.47,0.06,0.30
3601,thu,0.69,0.72,0.53,0.48,0.75,0.64,0.51,0.88,0.67
3607,threshold,0.13,0.18,0.12,0.69,0.14,0.07,0.19,0.26,0.22
3608,three,0.34,0.31,0.19,0.66,0.17,0.12,0.47,0.26,0.24
3615,third,0.51,0.53,0.58,0.62,0.58,0.71,0.67,0.35,0.55
3625,though,0.19,0.24,0.19,0.07,0.39,0.43,0.21,0.18,0.20
3648,tree,0.03,0.04,0.01,0.05,0.03,0.02,0.02,0.03,0.01
3650,trend,0.10,0.05,0.17,0.66,0.08,0.17,0.14,0.03,0.11
3655,transport,0.27,0.16,0.31,0.02,0.06,0.07,0.05,0.12,0.09
3658,transfer,0.57,0.69,0.79,0.76,0.94,0.95,0.40,0.68,0.64
3661,transform,0.16,0.11,0.04,0.16,0.14,0.02,0.09,0.12,0.07
3672,transmiss,0.39,0.64,0.39,0.71,0.36,0.29,0.02,0.82,0.29
3673,transmit,0.64,0.81,0.69,0.79,0.47,0.74,0.19,0.88,0.60
3687,true,0.12,0.16,0.03,0.24,0.06,0.05,0.14,0.50,0.08
3693,trust,0.18,0.25,0.25,0.09,0.19,0.29,0.19,0.06,0.17
3713,trigger,0.21,0.18,0.10,0.07,0.14,0.05,0.16,0.18,0.17
3744,track,0.47,0.31,0.31,0.72,0.14,0.33,0.28,0.79,0.32
3754,total,0.32,0.17,0.42,0.72,0.28,0.38,0.60,0.15,0.42
3761,touch,0.16,0.16,0.29,0.02,0.03,0.05,0.12,0.24,0.10
3778,transact,0.70,0.98,1.00,0.97,0.94,1.00,0.47,0.62,0.81
3808,tradit,0.37,0.30,0.31,0.05,0.19,0.55,0.28,0.62,0.33
3825,whether,0.60,0.65,0.45,0.84,0.50,0.74,0.67,0.91,0.62
3859,wherein,0.92,0.94,0.95,1.00,0.97,0.95,0.86,0.97,0.94
3863,whenev,0.09,0.08,0.03,0.02,0.06,0.12,0.02,0.03,0.03
3864,wherea,0.11,0.12,0.06,0.02,0.11,0.02,0.07,0.03,0.11
3868,wherebi,0.18,0.11,0.14,0.02,0.06,0.19,0.16,0.56,0.12
3870,wide,0.46,0.49,0.26,0.76,0.31,0.45,0.51,0.76,0.39
3871,wireless,0.56,0.61,0.88,0.74,0.44,0.45,0.23,0.88,0.43
3881,window,0.22,0.19,0.19,0.09,0.28,0.14,0.21,0.47,0.17
3892,wire,0.31,0.30,0.38,0.09,0.22,0.45,0.19,0.32,0.29
3919,well,0.70,0.71,0.58,0.88,0.47,0.90,0.88,0.88,0.67
3936,wave,0.07,0.07,0.27,0.02,0.08,0.02,0.09,0.09,0.04
3947,wan,0.15,0.25,0.04,0.07,0.28,0.14,0.12,0.50,0.17
3949,want,0.27,0.13,0.29,0.02,0.25,0.43,0.28,0.06,0.17
3984,weight,0.12,0.04,0.03,0.12,0.06,0.02,0.33,0.06,0.08
4023,year,0.34,0.28,0.09,0.71,0.14,0.29,0.60,0.26,0.29
4030,yet,0.41,0.47,0.34,0.74,0.47,0.57,0.40,0.68,0.40
4049,xml,0.09,0.08,0.03,0.03,0.03,0.05,0.07,0.53,0.08
4065,zip,0.08,0.02,0.13,0.09,0.03,0.10,0.05,0.03,0.04
4115,word,0.25,0.28,0.12,0.09,0.17,0.33,0.19,0.12,0.18
4116,work,0.44,0.36,0.26,0.09,0.47,0.43,0.47,0.56,0.25
4135,wish,0.28,0.24,0.42,0.16,0.11,0.48,0.21,0.56,0.29
4140,within,0.88,0.77,0.75,0.45,0.81,0.76,0.58,0.91,0.73
4143,without,0.79,0.87,0.79,0.90,0.78,0.81,0.51,0.47,0.69
4153,workstat,0.12,0.19,0.01,0.62,0.06,0.12,0.12,0.03,0.10
4158,write,0.17,0.12,0.17,0.41,0.14,0.26,0.09,0.09,0.12
4161,written,0.15,0.16,0.12,0.03,0.06,0.17,0.19,0.47,0.13
4165,world,0.30,0.35,0.10,0.03,0.14,0.17,0.26,0.06,0.12
4181,worldwid,0.06,0.08,0.09,0.02,0.06,0.07,0.02,0.59,0.03
4190,would,0.63,0.65,0.51,0.83,0.53,0.48,0.56,0.71,0.61
4217,valid,0.35,0.66,0.44,0.67,0.72,0.26,0.19,0.24,0.20
4221,valu,0.54,0.71,0.53,0.88,0.69,0.38,0.86,0.65,0.70
4231,util,0.57,0.66,0.62,0.88,0.64,0.71,0.72,0.44,0.61
4267,vehicl,0.25,0.07,0.14,0.64,0.03,0.19,0.33,0.38,0.19
4285,vari,0.29,0.29,0.10,0.26,0.17,0.26,0.44,0.15,0.21
4286,variabl,0.11,0.11,0.05,0.10,0.19,0.02,0.42,0.21,0.17
4290,variat,0.18,0.13,0.22,0.12,0.17,0.19,0.30,0.12,0.17
4292,varieti,0.46,0.54,0.39,0.72,0.31,0.33,0.51,0.76,0.47
4293,variou,0.85,0.82,0.82,0.98,0.78,0.71,0.88,0.91,0.81
4296,usual,0.26,0.33,0.21,0.09,0.14,0.19,0.26,0.56,0.23
4304,upload,0.11,0.05,0.06,0.02,0.11,0.05,0.09,0.09,0.03
4305,upon,0.71,0.66,0.74,0.74,0.64,0.76,0.63,0.76,0.67
4318,updat,0.43,0.35,0.49,0.26,0.47,0.21,0.35,0.62,0.35
4345,user,0.91,0.89,0.92,0.90,0.97,0.90,0.77,0.97,0.67
4350,use,1.00,1.00,1.00,0.98,1.00,1.00,0.98,1.00,0.98
4378,usabl,0.13,0.16,0.17,0.09,0.11,0.05,0.09,0.03,0.08
4379,usag,0.25,0.23,0.12,0.09,0.11,0.10,0.12,0.68,0.10
4391,wallet,0.12,0.34,0.64,0.64,0.50,0.26,0.05,0.06,0.18
4406,voic,0.22,0.33,0.39,0.07,0.03,0.21,0.07,0.71,0.12
4415,volatil,0.08,0.07,0.05,0.02,0.36,0.05,0.26,0.15,0.11
4417,visa,0.05,0.41,0.32,0.03,0.06,0.10,0.02,0.53,0.18
4431,visual,0.24,0.11,0.14,0.09,0.03,0.10,0.12,0.09,0.10
4467,volum,0.13,0.08,0.05,0.66,0.03,0.26,0.09,0.06,0.15
4497,version,0.24,0.29,0.13,0.03,0.11,0.02,0.14,0.41,0.10
4510,verifi,0.36,0.71,0.56,0.03,0.58,0.50,0.09,0.62,0.27
4515,vendor,0.23,0.18,0.23,0.02,0.03,0.17,0.09,0.29,0.13
4523,verif,0.25,0.61,0.32,0.72,0.44,0.45,0.09,0.56,0.20
4534,via,0.78,0.83,0.92,0.33,0.78,0.88,0.60,0.94,0.75
4555,virtual,0.34,0.47,0.43,0.12,0.56,0.38,0.09,0.12,0.31
4570,video,0.33,0.13,0.18,0.05,0.14,0.26,0.09,0.18,0.12
4578,view,0.55,0.42,0.40,0.69,0.39,0.64,0.74,0.15,0.36
4583,significantli,0.13,0.08,0.08,0.03,0.11,0.17,0.16,0.12,0.13
4603,similar,0.56,0.52,0.62,0.84,0.50,0.71,0.51,0.71,0.59
4604,signatur,0.12,0.47,0.17,0.07,0.50,0.02,0.02,0.09,0.08
4605,signal,0.38,0.43,0.39,0.07,0.28,0.14,0.09,0.91,0.27
4606,simpl,0.29,0.20,0.16,0.67,0.17,0.17,0.16,0.12,0.10
4607,side,0.22,0.17,0.04,0.05,0.14,0.12,0.14,0.12,0.11
4627,sign,0.21,0.30,0.23,0.02,0.50,0.29,0.09,0.06,0.12
4628,similarli,0.31,0.37,0.26,0.50,0.33,0.48,0.33,0.59,0.33
4631,situat,0.28,0.25,0.21,0.10,0.03,0.40,0.40,0.68,0.23
4649,size,0.34,0.25,0.08,0.67,0.06,0.19,0.19,0.12,0.17
4653,singular,0.05,0.07,0.06,0.05,0.22,0.12,0.05,0.06,0.05
4655,simultan,0.11,0.14,0.12,0.02,0.22,0.10,0.09,0.56,0.13
4657,simpli,0.30,0.28,0.27,0.66,0.19,0.50,0.30,0.15,0.17
4658,simplic,0.05,0.06,0.03,0.02,0.03,0.02,0.19,0.03,0.02
4660,simplifi,0.15,0.14,0.21,0.36,0.25,0.17,0.21,0.06,0.19
4667,sinc,0.40,0.40,0.26,0.69,0.22,0.29,0.33,0.65,0.29
4674,singl,0.63,0.63,0.36,0.84,0.42,0.40,0.60,0.68,0.65
4684,share,0.44,0.30,0.25,0.71,0.56,0.55,0.23,0.59,0.31
4701,shall,0.09,0.11,0.06,0.62,0.14,0.12,0.14,0.06,0.08
4706,setup,0.09,0.01,0.03,0.02,0.17,0.02,0.02,0.09,0.02
4712,sever,0.46,0.46,0.31,0.12,0.14,0.45,0.44,0.24,0.38
4737,show,0.39,0.27,0.39,0.78,0.19,0.26,0.58,0.32,0.36
4741,shown,0.62,0.64,0.68,0.86,0.36,0.86,0.63,0.71,0.69
4752,shift,0.04,0.05,0.04,0.02,0.08,0.02,0.21,0.03,0.07
4771,short,0.20,0.19,0.44,0.03,0.25,0.14,0.21,0.09,0.19
4778,softwar,0.65,0.77,0.74,0.81,0.61,0.60,0.74,0.85,0.51
4784,sold,0.18,0.05,0.04,0.14,0.08,0.10,0.05,0.06,0.18
4785,sole,0.11,0.16,0.13,0.43,0.17,0.07,0.16,0.03,0.12
4812,social,0.27,0.23,0.13,0.16,0.22,0.26,0.44,0.09,0.19
4820,solut,0.25,0.36,0.12,0.62,0.36,0.33,0.23,0.18,0.17
4822,skill,0.46,0.54,0.44,0.79,0.17,0.36,0.56,0.29,0.52
4825,sourc,0.53,0.40,0.39,0.88,0.42,0.38,0.60,0.85,0.42
4840,space,0.20,0.12,0.16,0.07,0.14,0.02,0.09,0.29,0.08
4854,sometim,0.21,0.16,0.13,0.72,0.11,0.31,0.14,0.03,0.17
4916,small,0.31,0.23,0.21,0.69,0.14,0.43,0.35,0.09,0.21
4945,smart,0.35,0.59,0.55,0.05,0.47,0.36,0.12,0.53,0.24
4955,smartphon,0.13,0.17,0.21,0.02,0.14,0.12,0.02,0.15,0.10
4982,satellit,0.19,0.16,0.09,0.03,0.06,0.10,0.05,0.65,0.13
4986,satisfi,0.15,0.24,0.18,0.17,0.31,0.29,0.19,0.29,0.23
4993,sale,0.41,0.57,0.77,0.28,0.33,0.43,0.26,0.62,0.52
5020,scenario,0.16,0.11,0.16,0.03,0.03,0.12,0.33,0.12,0.14
5026,schedul,0.16,0.04,0.13,0.03,0.11,0.14,0.26,0.09,0.18
5028,schemat,0.12,0.10,0.04,0.07,0.03,0.10,0.05,0.03,0.07
5029,scheme,0.18,0.22,0.08,0.12,0.22,0.10,0.12,0.09,0.11
5041,save,0.23,0.23,0.32,0.74,0.22,0.40,0.84,0.56,0.38
5049,scanner,0.14,0.22,0.23,0.02,0.08,0.05,0.05,0.12,0.12
5054,scan,0.24,0.25,0.31,0.03,0.17,0.05,0.05,0.50,0.11
5100,rout,0.20,0.39,0.27,0.07,0.22,0.40,0.07,0.26,0.26
5127,said,0.37,0.51,0.18,0.29,0.33,0.40,0.37,0.53,0.33
5144,rule,0.25,0.24,0.10,0.29,0.42,0.17,0.30,0.26,0.33
5146,run,0.43,0.35,0.40,0.17,0.31,0.24,0.47,0.76,0.36
5171,send,0.52,0.70,0.78,0.17,0.67,0.81,0.19,0.76,0.54
5185,seen,0.13,0.16,0.08,0.03,0.22,0.17,0.05,0.06,0.13
5198,select,0.75,0.66,0.82,0.86,0.42,0.74,0.91,0.82,0.78
5202,sensit,0.10,0.25,0.27,0.02,0.06,0.24,0.07,0.18,0.07
5205,servic,0.80,0.87,0.97,0.95,0.69,0.98,0.79,0.76,0.79
5210,serv,0.28,0.30,0.38,0.09,0.33,0.40,0.26,0.12,0.28
5212,server,0.65,0.67,0.82,0.81,0.69,0.69,0.49,0.91,0.56
5223,session,0.15,0.16,0.17,0.03,0.14,0.17,0.05,0.12,0.06
5224,set,0.79,0.84,0.71,0.64,0.89,0.74,0.84,0.68,0.79
5227,serial,0.13,0.17,0.22,0.07,0.25,0.02,0.05,0.50,0.07
5228,sent,0.41,0.49,0.61,0.21,0.39,0.55,0.09,0.62,0.33
5238,separ,0.58,0.67,0.53,0.17,0.36,0.40,0.47,0.68,0.50
5240,seri,0.23,0.24,0.14,0.71,0.22,0.05,0.49,0.03,0.19
5246,sequenc,0.24,0.23,0.13,0.03,0.06,0.05,0.09,0.26,0.11
5249,ser,0.10,0.14,0.19,0.07,0.08,0.14,0.14,0.03,0.16
5250,seek,0.15,0.12,0.09,0.05,0.11,0.10,0.26,0.62,0.16
5261,screen,0.40,0.24,0.40,0.10,0.17,0.26,0.37,0.85,0.27
5275,score,0.09,0.06,0.01,0.90,0.14,0.19,0.42,0.18,0.10
5297,scope,0.41,0.52,0.36,0.78,0.33,0.26,0.35,0.50,0.41
5307,second,0.74,0.72,0.61,0.90,0.86,0.64,0.63,0.79,0.66
5308,secondari,0.09,0.13,0.12,0.03,0.08,0.02,0.19,0.26,0.10
5318,secur,0.61,0.96,0.88,0.84,0.94,0.79,0.81,0.82,0.66
5344,search,0.27,0.10,0.09,0.12,0.17,0.31,0.26,0.06,0.16
5367,switch,0.24,0.16,0.23,0.07,0.25,0.24,0.12,0.26,0.17
5408,system,1.00,1.00,1.00,1.00,1.00,1.00,0.95,1.00,0.97
5446,summari,0.82,0.90,0.81,0.91,0.81,0.79,0.86,0.97,0.81
5455,sum,0.11,0.07,0.08,0.71,0.03,0.10,0.19,0.21,0.21
5472,success,0.32,0.42,0.31,0.60,0.44,0.19,0.28,0.59,0.17
5480,suffer,0.10,0.07,0.05,0.03,0.08,0.05,0.14,0.03,0.06
5482,suffici,0.28,0.37,0.38,0.67,0.19,0.31,0.37,0.62,0.33
5484,suggest,0.15,0.12,0.01,0.02,0.03,0.10,0.42,0.06,0.09
5486,suit,0.11,0.06,0.06,0.02,0.06,0.05,0.07,0.03,0.06
5488,suitabl,0.40,0.48,0.55,0.24,0.33,0.26,0.44,0.74,0.38
5513,sure,0.04,0.05,0.04,0.02,0.03,0.10,0.07,0.03,0.02
5529,suppli,0.30,0.29,0.16,0.09,0.22,0.26,0.16,0.12,0.20
5532,support,0.47,0.47,0.42,0.40,0.36,0.43,0.28,0.12,0.42
5542,telephon,0.36,0.52,0.49,0.19,0.33,0.76,0.16,0.65,0.42
5562,temporarili,0.05,0.10,0.05,0.02,0.03,0.05,0.02,0.03,0.06
5599,text,0.34,0.23,0.38,0.09,0.17,0.67,0.26,0.59,0.19
5601,textual,0.04,0.01,0.03,0.03,0.06,0.07,0.05,0.03,0.03
5612,ten,0.07,0.07,0.03,0.02,0.06,0.05,0.14,0.03,0.10
5614,tend,0.10,0.05,0.04,0.71,0.03,0.14,0.28,0.03,0.09
5626,term,0.57,0.59,0.44,0.84,0.58,0.62,0.74,0.82,0.67
5627,termin,0.35,0.61,0.74,0.19,0.19,0.10,0.14,0.15,0.46
5633,technolog,0.58,0.59,0.56,0.78,0.53,0.31,0.12,0.88,0.27
5637,taken,0.30,0.20,0.17,0.07,0.31,0.24,0.19,0.24,0.23
5646,take,0.56,0.63,0.57,0.34,0.58,0.64,0.77,0.24,0.59
5653,tangibl,0.10,0.07,0.05,0.36,0.08,0.07,0.14,0.15,0.14
5658,techniqu,0.40,0.45,0.25,0.86,0.22,0.14,0.40,0.79,0.30
5661,tabl,0.23,0.23,0.08,0.10,0.06,0.05,0.40,0.56,0.18
5663,tablet,0.19,0.29,0.35,0.07,0.42,0.21,0.07,0.24,0.12
5672,tag,0.19,0.10,0.17,0.02,0.11,0.07,0.05,0.62,0.08
5682,tape,0.07,0.10,0.16,0.03,0.03,0.12,0.07,0.06,0.11
5693,teach,0.09,0.11,0.03,0.02,0.06,0.02,0.12,0.12,0.09
5702,technic,0.32,0.22,0.12,0.12,0.25,0.17,0.30,0.29,0.18
5709,target,0.31,0.14,0.29,0.74,0.11,0.07,0.37,0.26,0.11
5712,task,0.25,0.14,0.08,0.05,0.17,0.10,0.28,0.06,0.15
5717,tax,0.11,0.10,0.08,0.41,0.06,0.05,0.58,0.06,0.26
5749,standalon,0.07,0.05,0.04,0.05,0.08,0.05,0.02,0.09,0.03
5775,standard,0.49,0.67,0.49,0.83,0.33,0.29,0.49,0.53,0.46
5799,statu,0.32,0.29,0.16,0.74,0.11,0.26,0.35,0.71,0.27
5809,start,0.34,0.20,0.10,0.05,0.06,0.19,0.33,0.32,0.18
5815,state,0.51,0.37,0.39,0.16,0.44,0.26,0.51,0.38,0.46
5817,statement,0.12,0.17,0.04,0.72,0.06,0.07,0.28,0.50,0.23
5819,static,0.10,0.16,0.12,0.03,0.14,0.02,0.07,0.06,0.06
5821,station,0.24,0.08,0.13,0.02,0.06,0.05,0.05,0.62,0.12
5826,spend,0.16,0.23,0.17,0.69,0.28,0.10,0.33,0.47,0.16
5830,speed,0.22,0.20,0.13,0.07,0.22,0.05,0.02,0.41,0.10
5849,sql,0.05,0.04,0.01,0.03,0.17,0.02,0.09,0.09,0.05
5861,specifi,0.40,0.40,0.25,0.10,0.39,0.40,0.56,0.71,0.41
5867,special,0.32,0.40,0.21,0.14,0.36,0.43,0.23,0.18,0.29
5870,specif,0.90,0.81,0.87,0.97,0.78,0.74,0.86,0.71,0.82
5903,spirit,0.19,0.14,0.08,0.57,0.03,0.10,0.16,0.12,0.16
5937,subject,0.31,0.35,0.17,0.19,0.31,0.19,0.44,0.15,0.35
5944,submit,0.22,0.36,0.22,0.02,0.06,0.43,0.12,0.09,0.24
5948,structur,0.49,0.47,0.26,0.78,0.39,0.31,0.47,0.71,0.46
5976,substanti,0.24,0.25,0.22,0.10,0.11,0.21,0.33,0.21,0.29
5980,subset,0.13,0.16,0.05,0.12,0.06,0.02,0.12,0.09,0.08
6013,subsequ,0.34,0.36,0.27,0.69,0.50,0.36,0.26,0.15,0.31
6018,stock,0.17,0.05,0.03,0.16,0.11,0.14,0.53,0.03,0.25
6031,stop,0.15,0.08,0.03,0.02,0.03,0.02,0.12,0.12,0.06
6034,storag,0.59,0.78,0.58,0.33,0.69,0.45,0.44,0.38,0.51
6035,store,0.93,0.99,1.00,0.98,0.94,1.00,0.77,0.97,0.87
6043,step,0.56,0.69,0.61,0.88,0.39,0.52,0.77,0.79,0.62
6056,still,0.47,0.59,0.36,0.14,0.36,0.52,0.37,0.71,0.48
6104,stream,0.20,0.02,0.05,0.05,0.08,0.05,0.28,0.03,0.14
6113,concern,0.28,0.29,0.16,0.67,0.28,0.33,0.40,0.09,0.27
6123,concept,0.14,0.18,0.12,0.09,0.28,0.40,0.14,0.15,0.17
6127,condit,0.31,0.27,0.08,0.24,0.11,0.21,0.33,0.26,0.28
6131,conduct,0.29,0.57,0.64,0.21,0.50,0.60,0.16,0.59,0.34
6146,comput,0.93,0.95,0.97,0.95,1.00,0.93,0.91,0.94,0.88
6162,conjunct,0.26,0.40,0.35,0.67,0.06,0.26,0.33,0.62,0.32
6164,connect,0.78,0.81,0.84,0.31,0.83,0.74,0.53,0.91,0.64
6174,consequ,0.16,0.12,0.03,0.69,0.06,0.12,0.21,0.53,0.16
6179,consid,0.32,0.34,0.18,0.22,0.17,0.29,0.60,0.18,0.37
6187,confid,0.04,0.19,0.01,0.03,0.03,0.21,0.09,0.03,0.07
6188,confidenti,0.06,0.17,0.06,0.03,0.03,0.31,0.02,0.03,0.05
6189,configur,0.72,0.75,0.82,0.91,0.72,0.71,0.56,0.94,0.67
6192,confirm,0.35,0.42,0.60,0.66,0.50,0.57,0.14,0.12,0.28
6197,conform,0.04,0.06,0.01,0.03,0.03,0.02,0.12,0.06,0.08
6208,commerci,0.26,0.34,0.23,0.47,0.17,0.12,0.23,0.18,0.23
6211,command,0.18,0.25,0.17,0.03,0.11,0.10,0.05,0.06,0.11
6226,common,0.44,0.43,0.22,0.66,0.22,0.36,0.40,0.18,0.27
6227,commonli,0.21,0.31,0.17,0.64,0.14,0.14,0.21,0.12,0.17
6231,commun,0.89,0.95,0.97,0.98,0.92,0.98,0.63,1.00,0.80
6248,combin,0.73,0.73,0.79,0.91,0.72,0.74,0.77,0.91,0.72
6252,come,0.26,0.19,0.22,0.05,0.11,0.26,0.33,0.15,0.13
6264,complet,0.62,0.70,0.77,0.76,0.58,0.88,0.44,0.74,0.57
6265,complex,0.21,0.27,0.12,0.05,0.11,0.05,0.35,0.06,0.12
6268,complianc,0.10,0.10,0.03,0.02,0.08,0.02,0.07,0.12,0.08
6274,compon,0.66,0.65,0.61,0.91,0.44,0.52,0.63,0.94,0.52
6289,compact,0.10,0.05,0.22,0.03,0.06,0.17,0.14,0.09,0.08
6290,compani,0.46,0.40,0.27,0.88,0.39,0.67,0.63,0.88,0.51
6295,compar,0.46,0.39,0.25,0.81,0.36,0.38,0.51,0.71,0.27
6311,cost,0.52,0.46,0.25,0.28,0.28,0.33,0.49,0.82,0.46
6322,could,0.53,0.53,0.45,0.78,0.31,0.26,0.44,0.71,0.50
6334,core,0.10,0.05,0.16,0.03,0.06,0.05,0.26,0.15,0.05
6341,corpor,0.26,0.18,0.10,0.53,0.11,0.12,0.23,0.24,0.25
6344,correct,0.22,0.22,0.10,0.03,0.22,0.26,0.05,0.15,0.12
6346,correl,0.12,0.13,0.06,0.09,0.03,0.02,0.21,0.62,0.07
6347,correspond,0.54,0.60,0.61,0.83,0.36,0.45,0.56,0.53,0.51
6357,cover,0.21,0.11,0.10,0.05,0.19,0.24,0.26,0.09,0.26
6390,countri,0.13,0.06,0.12,0.07,0.14,0.19,0.09,0.15,0.18
6393,coupl,0.45,0.59,0.58,0.22,0.53,0.31,0.44,0.29,0.43
6395,coupon,0.19,0.10,0.30,0.12,0.06,0.17,0.05,0.09,0.11
6400,contempl,0.18,0.18,0.18,0.05,0.25,0.05,0.21,0.44,0.20
6402,contact,0.31,0.51,0.43,0.09,0.31,0.67,0.14,0.53,0.23
6407,contain,0.65,0.67,0.58,0.21,0.53,0.60,0.51,0.82,0.50
6413,content,0.44,0.27,0.27,0.17,0.39,0.19,0.19,0.12,0.21
6417,context,0.29,0.33,0.22,0.14,0.11,0.24,0.23,0.29,0.22
6422,consum,0.51,0.61,0.78,0.86,0.42,0.71,0.42,0.79,0.46
6425,consist,0.39,0.29,0.26,0.78,0.17,0.14,0.49,0.09,0.29
6434,constitut,0.07,0.11,0.01,0.02,0.06,0.14,0.09,0.03,0.07
6437,constraint,0.07,0.04,0.01,0.02,0.06,0.02,0.05,0.03,0.05
6438,constru,0.11,0.12,0.08,0.69,0.22,0.14,0.21,0.06,0.11
6439,construct,0.15,0.22,0.04,0.09,0.14,0.29,0.28,0.09,0.15
6445,continu,0.40,0.37,0.22,0.71,0.17,0.40,0.42,0.24,0.34
6450,convey,0.10,0.12,0.08,0.05,0.06,0.10,0.09,0.12,0.08
6460,coordin,0.18,0.12,0.13,0.03,0.06,0.12,0.07,0.06,0.09
6470,convert,0.20,0.19,0.06,0.09,0.64,0.14,0.35,0.06,0.21
6474,contract,0.17,0.11,0.03,0.05,0.31,0.07,0.19,0.06,0.25
6484,contribut,0.11,0.05,0.10,0.12,0.03,0.07,0.56,0.06,0.20
6487,control,0.74,0.78,0.56,0.33,0.81,0.45,0.37,0.97,0.55
6490,conveni,0.28,0.31,0.34,0.14,0.08,0.64,0.14,0.12,0.32
6491,convent,0.32,0.43,0.35,0.05,0.25,0.52,0.37,0.68,0.35
6504,check,0.43,0.57,0.45,0.81,0.33,0.79,0.33,0.32,0.45
6524,charact,0.14,0.30,0.18,0.62,0.11,0.14,0.07,0.03,0.12
6526,characterist,0.25,0.23,0.17,0.24,0.08,0.14,0.35,0.59,0.22
6529,charg,0.34,0.48,0.40,0.72,0.28,0.43,0.28,0.76,0.44
6539,chart,0.09,0.18,0.05,0.03,0.14,0.10,0.30,0.50,0.09
6580,child,0.05,0.01,0.04,0.02,0.06,0.05,0.14,0.06,0.03
6597,center,0.24,0.28,0.17,0.07,0.22,0.05,0.19,0.41,0.20
6604,central,0.40,0.27,0.13,0.17,0.44,0.31,0.12,0.18,0.25
6614,channel,0.28,0.30,0.40,0.74,0.08,0.19,0.23,0.09,0.21
6635,cell,0.22,0.24,0.35,0.09,0.17,0.29,0.05,0.71,0.16
6639,challeng,0.15,0.16,0.08,0.02,0.06,0.05,0.16,0.09,0.08
6654,chang,0.62,0.60,0.44,0.86,0.56,0.33,0.70,0.85,0.50
6668,certain,0.64,0.53,0.40,0.84,0.53,0.48,0.79,0.85,0.62
6672,certif,0.09,0.24,0.06,0.02,0.08,0.07,0.09,0.21,0.11
6714,close,0.27,0.25,0.36,0.12,0.11,0.17,0.23,0.12,0.26
6731,code,0.67,0.88,0.88,0.86,0.75,0.57,0.49,0.76,0.57
6754,collect,0.58,0.46,0.40,0.86,0.47,0.43,0.51,0.88,0.42
6783,circuitri,0.10,0.19,0.25,0.05,0.17,0.07,0.02,0.68,0.05
6789,circumst,0.10,0.16,0.16,0.07,0.03,0.07,0.16,0.03,0.14
6800,citi,0.09,0.06,0.14,0.12,0.03,0.02,0.02,0.09,0.04
6803,circuit,0.20,0.41,0.34,0.09,0.22,0.05,0.09,0.50,0.14
6830,click,0.10,0.10,0.14,0.02,0.06,0.19,0.16,0.06,0.10
6832,clear,0.15,0.24,0.21,0.12,0.17,0.48,0.19,0.03,0.29
6846,client,0.37,0.22,0.27,0.16,0.31,0.29,0.37,0.03,0.26
6858,claim,0.93,0.93,0.95,0.95,0.86,1.00,0.93,0.94,0.96
6867,class,0.13,0.08,0.03,0.03,0.08,0.05,0.42,0.29,0.12
6870,classifi,0.05,0.01,0.01,0.07,0.03,0.05,0.07,0.09,0.05
6875,cpu,0.07,0.07,0.03,0.02,0.06,0.02,0.02,0.06,0.06
6878,devic,0.90,0.99,1.00,0.97,0.97,0.93,0.56,1.00,0.78
6894,diagram,0.34,0.40,0.45,0.79,0.31,0.55,0.28,0.29,0.38
6905,determin,0.81,0.87,0.73,0.95,0.78,0.76,0.91,1.00,0.84
6912,develop,0.46,0.39,0.35,0.86,0.33,0.33,0.47,0.29,0.36
6926,difficult,0.27,0.41,0.16,0.69,0.22,0.17,0.30,0.03,0.19
6938,digit,0.58,0.86,0.77,0.19,0.89,0.57,0.26,0.76,0.47
6947,differ,0.85,0.82,0.73,0.86,0.83,0.76,0.91,0.82,0.85
6973,depend,0.44,0.37,0.30,0.81,0.28,0.62,0.51,0.26,0.46
6981,depart,0.28,0.23,0.13,0.64,0.17,0.14,0.35,0.18,0.24
6983,depict,0.22,0.28,0.12,0.66,0.08,0.31,0.21,0.44,0.24
6987,deposit,0.13,0.24,0.22,0.05,0.39,0.71,0.30,0.03,0.39
6998,deliveri,0.28,0.19,0.12,0.10,0.08,0.24,0.12,0.03,0.20
7005,demand,0.18,0.18,0.16,0.02,0.17,0.52,0.12,0.03,0.20
7014,demograph,0.12,0.04,0.01,0.72,0.03,0.02,0.21,0.53,0.05
7023,desktop,0.14,0.18,0.27,0.05,0.31,0.19,0.19,0.06,0.12
7026,despit,0.06,0.17,0.05,0.05,0.03,0.02,0.12,0.12,0.04
7038,detail,0.93,0.93,0.96,0.97,0.83,0.98,0.91,0.97,0.92
7041,detect,0.36,0.52,0.30,0.22,0.36,0.17,0.05,0.74,0.20
7042,desir,0.58,0.63,0.55,0.81,0.42,0.67,0.74,0.85,0.58
7043,design,0.57,0.54,0.27,0.22,0.50,0.55,0.58,0.29,0.49
7050,deriv,0.27,0.25,0.17,0.78,0.39,0.14,0.49,0.03,0.20
7056,describ,0.87,0.94,0.90,0.97,0.92,1.00,0.88,0.97,0.91
7058,descript,0.95,0.95,0.96,0.98,0.78,1.00,0.93,0.94,0.95
7073,distinct,0.18,0.13,0.08,0.03,0.14,0.12,0.09,0.12,0.08
7075,distinguish,0.09,0.08,0.05,0.07,0.03,0.02,0.16,0.59,0.05
7080,distribut,0.55,0.40,0.19,0.84,0.75,0.43,0.60,0.62,0.37
7095,display,0.72,0.53,0.69,0.55,0.50,0.69,0.63,0.41,0.49
7120,document,0.31,0.25,0.10,0.16,0.25,0.21,0.23,0.12,0.25
7132,domain,0.12,0.06,0.03,0.05,0.06,0.02,0.07,0.06,0.03
7144,divid,0.14,0.05,0.01,0.60,0.06,0.02,0.28,0.03,0.07
7204,direct,0.57,0.54,0.57,0.52,0.33,0.67,0.65,0.29,0.70
7205,directli,0.58,0.65,0.68,0.19,0.33,0.88,0.60,0.76,0.56
7209,disclosur,0.46,0.36,0.45,0.84,0.58,0.48,0.44,0.35,0.42
7224,disk,0.19,0.20,0.26,0.07,0.11,0.19,0.28,0.03,0.21
7237,discount,0.20,0.14,0.23,0.19,0.03,0.24,0.07,0.18,0.18
7250,discuss,0.43,0.46,0.55,0.71,0.58,0.74,0.56,0.91,0.53
7256,deliv,0.30,0.29,0.36,0.16,0.14,0.24,0.16,0.03,0.23
7268,currenc,0.16,0.17,0.21,0.12,0.78,0.29,0.12,0.06,0.25
7269,current,0.71,0.60,0.62,0.83,0.56,0.64,0.77,0.35,0.57
7306,damag,0.10,0.08,0.06,0.02,0.03,0.02,0.09,0.18,0.06
7325,daili,0.15,0.10,0.05,0.09,0.17,0.24,0.21,0.09,0.15
7335,custom,0.66,0.72,0.82,0.93,0.78,0.86,0.74,0.85,0.64
7360,credit,0.69,0.92,0.90,0.95,0.58,0.98,0.49,0.71,0.78
7377,creation,0.21,0.19,0.04,0.07,0.19,0.24,0.12,0.03,0.12
7399,creat,0.67,0.63,0.43,0.26,0.83,0.69,0.72,0.44,0.57
7401,criteria,0.18,0.14,0.09,0.48,0.11,0.07,0.26,0.56,0.25
7414,critic,0.12,0.08,0.12,0.02,0.17,0.07,0.14,0.18,0.08
7434,cross,0.05,0.04,0.05,0.03,0.06,0.05,0.05,0.06,0.03
7449,delin,0.03,0.05,0.08,0.02,0.14,0.05,0.05,0.06,0.04
7465,decrypt,0.10,0.40,0.13,0.02,0.17,0.02,0.07,0.32,0.06
7468,dedic,0.15,0.14,0.16,0.03,0.17,0.29,0.09,0.09,0.11
7478,debt,0.06,0.01,0.03,0.05,0.06,0.10,0.33,0.03,0.15
7485,decid,0.15,0.12,0.08,0.16,0.33,0.12,0.19,0.03,0.16
7495,deduct,0.06,0.05,0.13,0.02,0.06,0.14,0.12,0.12,0.13
7496,deem,0.06,0.08,0.03,0.07,0.03,0.10,0.09,0.03,0.09
7510,delay,0.10,0.14,0.01,0.02,0.11,0.17,0.07,0.47,0.10
7528,default,0.12,0.07,0.29,0.69,0.08,0.21,0.23,0.06,0.23
7533,definit,0.21,0.14,0.13,0.09,0.06,0.05,0.28,0.03,0.10
7541,defin,0.61,0.55,0.42,0.79,0.36,0.19,0.79,0.62,0.50
7543,debit,0.24,0.80,0.81,0.86,0.33,0.83,0.09,0.62,0.54
7563,date,0.44,0.49,0.39,0.83,0.33,0.52,0.58,0.21,0.47
7586,data,0.92,0.95,0.97,1.00,1.00,0.88,0.88,1.00,0.82
7623,day,0.34,0.23,0.18,0.09,0.17,0.33,0.28,0.24,0.28
7641,appropri,0.47,0.47,0.44,0.72,0.36,0.55,0.56,0.24,0.54
7645,appreci,0.32,0.40,0.40,0.74,0.19,0.48,0.53,0.24,0.36
7650,approach,0.33,0.23,0.22,0.74,0.19,0.12,0.42,0.12,0.22
7651,approv,0.18,0.54,0.47,0.12,0.28,0.45,0.21,0.59,0.35
7657,approxim,0.16,0.05,0.06,0.14,0.19,0.02,0.23,0.09,0.15
7666,appar,0.34,0.36,0.47,0.76,0.06,0.29,0.40,0.18,0.33
7667,apparatu,0.34,0.37,0.34,0.76,0.08,0.31,0.21,0.12,0.28
7673,appear,0.25,0.30,0.16,0.09,0.11,0.10,0.28,0.06,0.17
7674,append,0.17,0.23,0.12,0.21,0.22,0.21,0.07,0.03,0.12
7677,appl,0.05,0.07,0.12,0.02,0.08,0.02,0.07,0.15,0.06
7680,appli,0.45,0.43,0.43,0.81,0.39,0.31,0.58,0.65,0.48
7682,applic,0.87,0.92,0.96,0.97,0.94,0.83,0.74,1.00,0.86
7708,around,0.20,0.17,0.08,0.05,0.17,0.14,0.14,0.12,0.09
7727,architectur,0.24,0.24,0.10,0.09,0.11,0.29,0.12,0.12,0.20
7731,area,0.62,0.49,0.35,0.83,0.31,0.26,0.23,0.76,0.36
7760,annual,0.12,0.06,0.04,0.66,0.06,0.02,0.35,0.06,0.13
7771,analog,0.12,0.07,0.05,0.05,0.11,0.05,0.02,0.03,0.08
7774,analysi,0.21,0.17,0.14,0.90,0.08,0.02,0.65,0.79,0.21
7778,analyz,0.21,0.14,0.12,0.78,0.22,0.10,0.44,0.71,0.21
7792,anyth,0.06,0.04,0.04,0.02,0.08,0.02,0.02,0.06,0.03
7815,anoth,0.92,0.89,0.92,0.97,0.94,0.93,0.86,0.94,0.88
7826,anticip,0.06,0.05,0.01,0.07,0.06,0.02,0.07,0.09,0.11
7831,arrang,0.27,0.33,0.29,0.57,0.14,0.21,0.30,0.38,0.22
7832,array,0.13,0.11,0.06,0.02,0.03,0.05,0.12,0.12,0.08
7833,author,0.44,0.90,0.77,0.22,0.67,0.50,0.19,0.68,0.61
7852,autom,0.31,0.43,0.45,0.19,0.22,0.52,0.35,0.74,0.40
7862,attract,0.15,0.02,0.06,0.66,0.06,0.10,0.12,0.03,0.12
7863,attribut,0.21,0.12,0.04,0.74,0.17,0.12,0.33,0.09,0.16
7872,audio,0.23,0.11,0.14,0.05,0.08,0.14,0.05,0.15,0.10
7878,automat,0.51,0.42,0.45,0.69,0.36,0.60,0.47,0.88,0.45
7879,automobil,0.12,0.06,0.03,0.10,0.03,0.02,0.07,0.71,0.03
7881,away,0.15,0.08,0.12,0.02,0.03,0.07,0.23,0.06,0.09
7885,avoid,0.23,0.14,0.09,0.02,0.17,0.07,0.40,0.09,0.19
7905,avail,0.74,0.71,0.86,0.93,0.42,0.67,0.86,0.76,0.80
7923,averag,0.14,0.05,0.04,0.76,0.11,0.02,0.30,0.09,0.17
7938,ask,0.14,0.10,0.19,0.02,0.08,0.31,0.23,0.06,0.11
7943,aspect,0.64,0.47,0.39,0.64,0.36,0.52,0.60,0.41,0.54
7949,assembl,0.12,0.17,0.12,0.03,0.14,0.05,0.05,0.47,0.06
7962,articl,0.11,0.12,0.08,0.29,0.03,0.17,0.12,0.06,0.08
7976,assess,0.12,0.08,0.08,0.83,0.14,0.07,0.23,0.21,0.14
7986,atm,0.06,0.36,0.22,0.12,0.14,0.50,0.02,0.06,0.26
7994,attach,0.23,0.20,0.25,0.03,0.17,0.24,0.07,0.12,0.14
7997,attempt,0.26,0.57,0.25,0.10,0.14,0.26,0.33,0.18,0.21
8002,asset,0.13,0.05,0.08,0.05,0.42,0.14,0.79,0.03,0.28
8003,assign,0.30,0.40,0.21,0.76,0.36,0.52,0.47,0.65,0.31
8006,assist,0.43,0.36,0.57,0.21,0.39,0.57,0.53,0.65,0.39
8009,associ,0.88,0.92,1.00,0.50,1.00,0.90,0.86,0.94,0.92
8011,assum,0.18,0.20,0.12,0.64,0.14,0.31,0.30,0.15,0.26
8026,act,0.25,0.33,0.32,0.17,0.33,0.29,0.28,0.24,0.35
8028,action,0.36,0.33,0.26,0.19,0.36,0.21,0.37,0.62,0.27
8030,activ,0.58,0.66,0.38,0.93,0.61,0.52,0.47,0.91,0.47
8035,across,0.33,0.29,0.13,0.79,0.19,0.33,0.28,0.21,0.25
8038,actual,0.44,0.54,0.31,0.78,0.36,0.40,0.56,0.21,0.40
8043,adapt,0.29,0.31,0.36,0.66,0.22,0.14,0.14,0.12,0.22
8047,add,0.31,0.39,0.39,0.09,0.14,0.36,0.28,0.09,0.21
8055,achiev,0.26,0.23,0.13,0.72,0.19,0.14,0.42,0.21,0.24
8064,acquir,0.17,0.30,0.42,0.21,0.14,0.26,0.30,0.09,0.30
8070,addit,0.91,0.93,0.84,0.93,0.86,0.98,0.98,0.97,0.90
8073,administr,0.16,0.11,0.06,0.07,0.19,0.10,0.23,0.09,0.25
8088,advanc,0.24,0.33,0.09,0.76,0.25,0.26,0.33,0.06,0.18
8090,advantag,0.58,0.57,0.58,0.79,0.47,0.69,0.67,0.79,0.57
8093,administ,0.05,0.04,0.05,0.02,0.03,0.02,0.14,0.06,0.14
8098,address,0.65,0.64,0.57,0.93,0.72,0.83,0.44,0.68,0.51
8115,adjust,0.17,0.11,0.12,0.12,0.19,0.07,0.42,0.21,0.25
8117,accuraci,0.15,0.14,0.01,0.72,0.06,0.07,0.07,0.06,0.07
8118,accur,0.23,0.13,0.05,0.71,0.11,0.05,0.23,0.18,0.12
8161,abil,0.40,0.40,0.45,0.79,0.08,0.40,0.51,0.21,0.39
8163,abl,0.47,0.57,0.55,0.07,0.42,0.74,0.53,0.29,0.52
8191,account,0.69,0.96,0.96,0.98,0.92,1.00,0.91,0.85,0.87
8198,accept,0.46,0.70,0.58,0.16,0.47,0.50,0.37,0.15,0.50
8200,access,0.88,0.94,0.95,0.97,0.97,0.95,0.74,1.00,0.81
8206,accommod,0.13,0.16,0.10,0.05,0.03,0.17,0.05,0.06,0.12
8207,accompani,0.30,0.36,0.35,0.19,0.33,0.36,0.40,0.15,0.29
8209,accomplish,0.29,0.27,0.26,0.64,0.08,0.31,0.28,0.24,0.22
8210,accord,0.73,0.84,0.83,0.91,0.69,0.88,0.86,0.88,0.85
8211,accordingli,0.38,0.47,0.44,0.76,0.25,0.40,0.44,0.24,0.40
8216,allow,0.88,0.82,0.70,0.91,0.81,0.95,0.84,0.94,0.83
8225,along,0.35,0.47,0.31,0.16,0.25,0.31,0.35,0.24,0.37
8234,alreadi,0.27,0.25,0.35,0.03,0.11,0.60,0.23,0.06,0.18
8235,also,0.97,0.99,0.95,1.00,0.97,1.00,1.00,0.97,0.96
8240,alert,0.16,0.16,0.16,0.14,0.19,0.12,0.09,0.09,0.12
8243,algorithm,0.22,0.48,0.18,0.79,0.36,0.07,0.26,0.68,0.17
8279,among,0.41,0.27,0.30,0.64,0.25,0.43,0.51,0.06,0.41
8280,amongst,0.03,0.02,0.01,0.02,0.08,0.07,0.12,0.03,0.03
8283,amount,0.65,0.65,0.84,0.90,0.83,0.95,0.86,0.82,0.87
8288,altern,0.68,0.77,0.77,0.93,0.58,0.60,0.77,0.85,0.67
8289,although,0.48,0.53,0.55,0.78,0.19,0.43,0.47,0.68,0.42
8326,age,0.14,0.08,0.10,0.02,0.06,0.07,0.58,0.15,0.14
8327,agenc,0.12,0.11,0.05,0.12,0.08,0.17,0.12,0.06,0.12
8330,agent,0.18,0.16,0.04,0.05,0.11,0.05,0.09,0.59,0.14
8353,affect,0.14,0.07,0.12,0.10,0.08,0.05,0.28,0.21,0.17
8354,affili,0.07,0.05,0.12,0.02,0.03,0.17,0.14,0.12,0.09
8356,aggreg,0.19,0.08,0.08,0.76,0.25,0.21,0.23,0.06,0.24
8395,agreement,0.13,0.12,0.12,0.03,0.06,0.12,0.19,0.15,0.20
8442,broker,0.04,0.05,0.04,0.09,0.08,0.02,0.14,0.09,0.12
8450,browser,0.26,0.25,0.27,0.07,0.42,0.45,0.16,0.03,0.18
8452,build,0.28,0.16,0.06,0.19,0.11,0.29,0.28,0.06,0.12
8463,busi,0.49,0.54,0.48,0.93,0.47,0.62,0.44,0.76,0.62
8479,built,0.16,0.05,0.03,0.05,0.08,0.07,0.09,0.15,0.07
8517,box,0.19,0.20,0.12,0.03,0.03,0.14,0.14,0.06,0.13
8564,brief,0.18,0.24,0.32,0.48,0.25,0.17,0.12,0.09,0.23
8585,branch,0.04,0.10,0.03,0.03,0.03,0.12,0.05,0.03,0.06
8611,cash,0.31,0.31,0.47,0.69,0.22,0.83,0.60,0.12,0.57
8685,categor,0.07,0.04,0.01,0.62,0.03,0.02,0.16,0.09,0.04
8686,categori,0.21,0.18,0.17,0.74,0.08,0.07,0.26,0.09,0.18
8701,call,0.47,0.43,0.34,0.16,0.39,0.40,0.35,0.12,0.36
8714,calcul,0.28,0.19,0.21,0.81,0.39,0.02,0.77,0.29,0.38
8717,cabl,0.24,0.16,0.26,0.05,0.08,0.19,0.14,0.50,0.10
8729,cach,0.09,0.02,0.13,0.02,0.19,0.02,0.02,0.03,0.04
8742,captur,0.26,0.30,0.26,0.69,0.14,0.12,0.23,0.29,0.16
8749,card,0.68,0.95,0.97,0.93,0.39,0.95,0.33,0.74,0.66
8755,cardhold,0.04,0.42,0.19,0.10,0.14,0.05,0.05,0.06,0.16
8770,cancel,0.15,0.17,0.21,0.17,0.19,0.38,0.09,0.15,0.21
8779,capabl,0.58,0.59,0.65,0.83,0.50,0.52,0.40,0.79,0.54
8780,capac,0.12,0.05,0.03,0.66,0.06,0.05,0.05,0.06,0.06
8787,back,0.43,0.59,0.58,0.12,0.42,0.52,0.26,0.09,0.35
8793,becom,0.57,0.47,0.49,0.17,0.53,0.48,0.51,0.65,0.43
8808,begin,0.28,0.23,0.27,0.07,0.14,0.07,0.33,0.62,0.26
8837,benefit,0.35,0.30,0.38,0.09,0.19,0.55,0.70,0.26,0.45
8862,behavior,0.21,0.10,0.03,0.83,0.22,0.05,0.28,0.32,0.08
8865,behind,0.09,0.08,0.03,0.03,0.03,0.02,0.12,0.06,0.03
8881,batch,0.07,0.18,0.05,0.10,0.03,0.14,0.05,0.47,0.12
8896,balanc,0.25,0.34,0.52,0.78,0.42,0.48,0.65,0.15,0.50
8916,background,0.97,0.99,0.97,1.00,0.97,1.00,0.91,0.94,0.97
8932,base,0.93,0.92,0.86,1.00,0.92,0.93,0.95,0.97,0.90
8950,basi,0.30,0.17,0.09,0.74,0.25,0.17,0.53,0.26,0.36
8951,basic,0.19,0.25,0.19,0.05,0.19,0.31,0.37,0.59,0.17
8958,bank,0.42,0.82,0.83,0.95,0.50,0.95,0.42,0.29,0.67
8971,bar,0.17,0.19,0.16,0.02,0.11,0.12,0.14,0.26,0.13
8977,best,0.20,0.24,0.18,0.14,0.06,0.17,0.42,0.12,0.29
8995,block,0.43,0.53,0.44,0.19,0.89,0.50,0.30,0.59,0.42
9029,bodi,0.10,0.10,0.05,0.05,0.08,0.02,0.02,0.21,0.04
9046,bond,0.02,0.04,0.01,0.03,0.03,0.02,0.37,0.12,0.17
9106,better,0.28,0.11,0.18,0.74,0.22,0.05,0.47,0.12,0.17
9124,biometr,0.14,0.43,0.25,0.02,0.17,0.07,0.02,0.53,0.13
9169,done,0.26,0.22,0.13,0.57,0.19,0.24,0.23,0.12,0.17
9180,includ,0.99,0.99,0.99,1.00,0.97,1.00,1.00,1.00,0.98
9181,incent,0.21,0.11,0.08,0.64,0.08,0.17,0.05,0.53,0.12
9183,incom,0.15,0.05,0.06,0.67,0.11,0.31,0.84,0.03,0.28
9219,index,0.06,0.12,0.01,0.05,0.08,0.02,0.14,0.03,0.09
9225,indic,0.72,0.75,0.86,0.64,0.64,0.86,0.67,0.47,0.69
9229,independ,0.35,0.29,0.18,0.72,0.25,0.48,0.33,0.62,0.22
9241,incorpor,0.43,0.45,0.47,0.21,0.31,0.52,0.53,0.65,0.37
9242,incur,0.05,0.05,0.08,0.09,0.11,0.14,0.05,0.03,0.14
9247,increasingli,0.13,0.12,0.25,0.02,0.08,0.19,0.14,0.53,0.13
9248,increment,0.09,0.08,0.01,0.03,0.06,0.07,0.09,0.06,0.06
9267,illustr,0.73,0.75,0.77,0.86,0.53,0.62,0.72,0.76,0.75
9269,imag,0.32,0.22,0.21,0.03,0.11,0.21,0.07,0.12,0.12
9284,immedi,0.25,0.19,0.30,0.07,0.17,0.48,0.14,0.47,0.26
9298,iii,0.09,0.14,0.10,0.10,0.14,0.07,0.07,0.06,0.10
9318,import,0.28,0.31,0.14,0.07,0.11,0.05,0.58,0.21,0.16
9333,improv,0.41,0.48,0.22,0.81,0.39,0.24,0.33,0.32,0.28
9356,implement,0.70,0.82,0.77,0.33,0.64,0.62,0.81,0.85,0.70
9376,instal,0.30,0.31,0.53,0.03,0.14,0.10,0.09,0.29,0.17
9377,instanc,0.48,0.53,0.47,0.17,0.25,0.29,0.30,0.85,0.40
9378,instant,0.18,0.14,0.09,0.02,0.19,0.24,0.05,0.06,0.04
9379,instantan,0.06,0.06,0.03,0.03,0.06,0.21,0.02,0.06,0.01
9382,instead,0.36,0.53,0.40,0.12,0.44,0.31,0.35,0.12,0.33
9394,innov,0.08,0.04,0.03,0.02,0.14,0.10,0.02,0.06,0.06
9398,input,0.62,0.72,0.71,0.78,0.44,0.50,0.77,0.76,0.54
9408,institut,0.25,0.60,0.57,0.84,0.56,0.83,0.49,0.21,0.67
9409,individu,0.65,0.69,0.53,0.90,0.50,0.83,0.84,0.47,0.65
9410,interchang,0.15,0.16,0.25,0.03,0.17,0.14,0.07,0.03,0.17
9423,interconnect,0.15,0.14,0.10,0.67,0.14,0.05,0.07,0.03,0.10
9430,interest,0.38,0.18,0.35,0.76,0.25,0.17,0.74,0.12,0.47
9431,interact,0.49,0.53,0.64,0.21,0.42,0.76,0.56,0.79,0.46
9435,instruct,0.68,0.60,0.74,0.93,0.64,0.86,0.53,0.50,0.64
9437,instrument,0.16,0.17,0.25,0.66,0.28,0.33,0.30,0.15,0.37
9438,insuffici,0.04,0.08,0.12,0.03,0.19,0.19,0.21,0.03,0.07
9441,insur,0.15,0.14,0.05,0.16,0.11,0.33,0.47,0.38,0.28
9448,integr,0.56,0.71,0.56,0.26,0.39,0.43,0.37,0.74,0.35
9454,intend,0.45,0.55,0.39,0.10,0.47,0.60,0.53,0.56,0.42
9464,infer,0.03,0.01,0.01,0.17,0.06,0.02,0.05,0.09,0.01
9487,industri,0.37,0.41,0.19,0.79,0.06,0.19,0.35,0.24,0.27
9516,initi,0.66,0.73,0.82,0.52,0.58,0.86,0.30,0.82,0.67
9533,inform,0.96,1.00,0.99,0.98,0.86,1.00,0.95,1.00,0.91
9547,infrar,0.09,0.06,0.30,0.02,0.03,0.05,0.07,0.18,0.04
9548,infrastructur,0.17,0.27,0.22,0.67,0.19,0.21,0.12,0.12,0.12
9574,hereinaft,0.16,0.16,0.19,0.09,0.33,0.24,0.23,0.18,0.21
9575,herein,0.70,0.82,0.79,0.91,0.75,0.83,0.74,0.94,0.74
9583,held,0.16,0.17,0.10,0.14,0.42,0.48,0.35,0.29,0.29
9587,help,0.30,0.29,0.18,0.10,0.17,0.14,0.58,0.18,0.20
9588,herebi,0.09,0.07,0.05,0.07,0.03,0.02,0.14,0.06,0.09
9591,henc,0.09,0.14,0.08,0.07,0.06,0.12,0.02,0.06,0.11
9601,histor,0.21,0.04,0.06,0.74,0.03,0.05,0.44,0.24,0.19
9611,histori,0.29,0.22,0.34,0.83,0.19,0.36,0.21,0.09,0.23
9625,highli,0.18,0.16,0.05,0.62,0.19,0.07,0.09,0.15,0.11
9632,high,0.39,0.35,0.22,0.79,0.25,0.36,0.56,0.21,0.32
9633,higher,0.21,0.20,0.16,0.34,0.08,0.19,0.58,0.09,0.29
9634,highest,0.10,0.01,0.01,0.62,0.03,0.07,0.37,0.06,0.07
9651,hard,0.24,0.24,0.16,0.09,0.19,0.21,0.33,0.18,0.21
9659,hardwar,0.44,0.58,0.62,0.74,0.33,0.33,0.33,0.74,0.37
9677,handl,0.28,0.30,0.26,0.12,0.28,0.52,0.19,0.06,0.27
9692,happen,0.09,0.04,0.03,0.05,0.03,0.05,0.09,0.03,0.04
9764,hypertext,0.09,0.08,0.03,0.02,0.08,0.07,0.02,0.03,0.05
9769,http,0.17,0.12,0.18,0.05,0.11,0.14,0.14,0.12,0.08
9778,human,0.21,0.19,0.08,0.07,0.06,0.05,0.19,0.12,0.10
9787,hundr,0.06,0.11,0.03,0.03,0.03,0.05,0.07,0.06,0.06
9792,ident,0.40,0.71,0.57,0.57,0.50,0.57,0.16,0.50,0.33
9804,identif,0.56,0.81,0.77,0.88,0.31,0.69,0.26,1.00,0.52
9805,identifi,0.79,0.86,0.96,0.97,0.81,0.88,0.53,0.97,0.79
9861,home,0.31,0.18,0.05,0.10,0.06,0.33,0.40,0.15,0.17
9872,hold,0.22,0.23,0.26,0.10,0.39,0.40,0.56,0.06,0.31
9873,holder,0.13,0.45,0.32,0.17,0.25,0.38,0.16,0.18,0.29
9895,howev,0.77,0.82,0.69,0.86,0.64,0.90,0.84,0.82,0.72
9922,host,0.29,0.39,0.38,0.07,0.36,0.45,0.21,0.32,0.22
9931,hour,0.17,0.11,0.08,0.02,0.06,0.07,0.05,0.15,0.07
9947,legal,0.13,0.25,0.09,0.12,0.33,0.12,0.23,0.12,0.21
9957,least,0.86,0.88,0.82,0.93,0.86,0.88,0.86,0.94,0.90
9960,lcd,0.06,0.05,0.05,0.02,0.06,0.05,0.02,0.15,0.03
9967,lead,0.20,0.16,0.10,0.09,0.06,0.05,0.21,0.15,0.17
9991,liabil,0.04,0.11,0.03,0.07,0.06,0.02,0.35,0.09,0.11
10018,level,0.47,0.47,0.26,0.88,0.42,0.36,0.79,0.35,0.41
10019,less,0.36,0.24,0.29,0.66,0.31,0.52,0.65,0.12,0.43
10025,let,0.06,0.02,0.03,0.02,0.14,0.02,0.02,0.03,0.03
10027,letter,0.11,0.07,0.08,0.03,0.17,0.07,0.07,0.09,0.12
10042,lack,0.24,0.16,0.16,0.09,0.17,0.14,0.21,0.06,0.15
10048,lan,0.22,0.29,0.08,0.07,0.28,0.14,0.12,0.47,0.18
10054,layer,0.11,0.30,0.09,0.03,0.06,0.07,0.05,0.06,0.08
10072,label,0.13,0.11,0.10,0.62,0.14,0.12,0.16,0.06,0.04
10079,launch,0.06,0.01,0.06,0.02,0.08,0.07,0.07,0.09,0.02
10082,later,0.30,0.37,0.43,0.36,0.39,0.48,0.37,0.65,0.31
10100,late,0.03,0.05,0.04,0.02,0.06,0.05,0.19,0.50,0.04
10103,last,0.18,0.27,0.05,0.71,0.22,0.07,0.30,0.29,0.21
10110,languag,0.28,0.28,0.09,0.67,0.17,0.17,0.19,0.56,0.17
10115,laptop,0.27,0.23,0.36,0.09,0.42,0.31,0.19,0.18,0.17
10116,larg,0.46,0.40,0.22,0.79,0.31,0.40,0.63,0.18,0.33
10117,larger,0.15,0.14,0.19,0.07,0.03,0.24,0.33,0.03,0.13
10128,long,0.31,0.24,0.09,0.64,0.31,0.10,0.33,0.12,0.24
10129,longer,0.13,0.10,0.12,0.02,0.06,0.19,0.28,0.06,0.12
10136,look,0.20,0.14,0.05,0.09,0.06,0.14,0.21,0.06,0.12
10144,loss,0.15,0.27,0.09,0.12,0.28,0.21,0.40,0.21,0.25
10149,lost,0.16,0.25,0.14,0.03,0.08,0.07,0.05,0.03,0.09
10150,log,0.27,0.30,0.10,0.09,0.22,0.40,0.09,0.26,0.15
10164,logic,0.33,0.33,0.26,0.79,0.28,0.21,0.40,0.76,0.24
10165,login,0.09,0.07,0.10,0.02,0.11,0.12,0.05,0.06,0.07
10203,low,0.28,0.14,0.16,0.14,0.14,0.17,0.40,0.12,0.19
10204,lower,0.26,0.13,0.10,0.62,0.11,0.21,0.33,0.15,0.29
10210,loyalti,0.13,0.24,0.27,0.05,0.06,0.02,0.12,0.62,0.20
10222,line,0.43,0.45,0.35,0.83,0.19,0.55,0.35,0.41,0.39
10224,limit,0.86,0.84,0.81,0.95,0.75,0.88,0.95,1.00,0.87
10239,link,0.56,0.55,0.57,0.16,0.44,0.76,0.40,0.91,0.45
10245,locat,0.81,0.83,0.88,0.29,0.44,0.67,0.37,0.74,0.60
10247,life,0.13,0.08,0.08,0.05,0.03,0.02,0.51,0.12,0.15
10259,light,0.19,0.18,0.18,0.02,0.11,0.12,0.07,0.26,0.10
10264,like,0.71,0.76,0.77,0.91,0.64,0.88,0.67,0.94,0.69
10270,loan,0.08,0.05,0.10,0.69,0.11,0.48,0.33,0.03,0.24
10278,load,0.24,0.28,0.26,0.10,0.14,0.12,0.14,0.56,0.23
10286,local,0.57,0.45,0.45,0.84,0.50,0.33,0.26,0.56,0.37
10294,littl,0.20,0.13,0.05,0.02,0.03,0.07,0.28,0.09,0.10
10303,list,0.44,0.31,0.49,0.28,0.25,0.45,0.53,0.12,0.38
10368,item,0.49,0.37,0.56,0.50,0.25,0.52,0.26,0.15,0.38
10405,issu,0.47,0.66,0.60,0.86,0.53,0.60,0.37,0.82,0.67
10407,issuanc,0.06,0.11,0.05,0.03,0.17,0.05,0.02,0.03,0.11
10408,issuer,0.13,0.60,0.61,0.79,0.14,0.43,0.14,0.59,0.38
10418,interpret,0.16,0.13,0.13,0.02,0.03,0.05,0.21,0.24,0.13
10429,interv,0.13,0.10,0.08,0.05,0.06,0.05,0.14,0.09,0.11
10438,interfac,0.70,0.70,0.83,0.69,0.78,0.74,0.63,0.88,0.59
10451,intermediari,0.08,0.18,0.13,0.02,0.11,0.29,0.09,0.24,0.13
10455,intern,0.34,0.40,0.36,0.72,0.42,0.33,0.42,0.82,0.30
10456,internet,0.69,0.82,0.81,0.83,0.69,0.79,0.49,0.91,0.63
10462,inventori,0.13,0.05,0.04,0.02,0.08,0.14,0.12,0.53,0.07
10465,invest,0.15,0.08,0.06,0.67,0.25,0.12,0.84,0.09,0.37
10478,involv,0.56,0.70,0.71,0.52,0.58,0.76,0.53,0.68,0.57
10484,invent,0.80,0.92,0.82,0.84,0.86,0.90,0.84,0.79,0.85
10486,intranet,0.12,0.22,0.10,0.05,0.11,0.14,0.16,0.44,0.14
10492,introduc,0.18,0.27,0.10,0.64,0.19,0.17,0.02,0.03,0.16
10493,introduct,0.10,0.11,0.05,0.07,0.03,0.02,0.09,0.56,0.07
10528,kind,0.14,0.12,0.05,0.05,0.11,0.05,0.12,0.06,0.04
10536,keep,0.24,0.17,0.14,0.07,0.36,0.12,0.23,0.06,0.19
10542,key,0.43,0.75,0.56,0.28,0.94,0.26,0.42,0.76,0.33
10544,keyboard,0.21,0.27,0.31,0.10,0.19,0.24,0.14,0.59,0.21
10551,keypad,0.14,0.20,0.30,0.05,0.11,0.12,0.05,0.47,0.11
10557,known,0.63,0.67,0.48,0.81,0.56,0.71,0.56,0.35,0.52
10599,know,0.29,0.31,0.21,0.03,0.14,0.33,0.12,0.09,0.13
10697,handheld,0.11,0.20,0.14,0.02,0.03,0.17,0.02,0.47,0.08
10718,error,0.20,0.16,0.10,0.64,0.22,0.24,0.07,0.06,0.08
10723,equal,0.18,0.13,0.13,0.05,0.19,0.21,0.35,0.09,0.28
10738,equip,0.34,0.34,0.38,0.66,0.11,0.17,0.09,0.15,0.18
10749,estim,0.17,0.08,0.06,0.72,0.03,0.07,0.51,0.12,0.12
10752,etc,0.62,0.60,0.65,0.29,0.31,0.50,0.63,0.91,0.54
10758,establish,0.51,0.59,0.49,0.83,0.44,0.79,0.51,0.76,0.53
10784,especi,0.22,0.14,0.06,0.05,0.08,0.31,0.09,0.53,0.13
10795,enhanc,0.32,0.31,0.21,0.14,0.19,0.24,0.19,0.21,0.16
10798,engag,0.17,0.18,0.23,0.07,0.14,0.26,0.16,0.59,0.18
10800,engin,0.28,0.16,0.08,0.24,0.11,0.31,0.19,0.29,0.23
10811,enough,0.18,0.13,0.05,0.66,0.11,0.05,0.26,0.03,0.07
10814,enrol,0.09,0.14,0.12,0.02,0.11,0.24,0.21,0.06,0.15
10822,encrypt,0.26,0.67,0.45,0.69,0.36,0.12,0.09,0.62,0.18
10827,end,0.44,0.27,0.21,0.36,0.19,0.38,0.44,0.24,0.32
10842,ensur,0.28,0.48,0.21,0.03,0.50,0.24,0.16,0.53,0.27
10848,environ,0.42,0.42,0.39,0.19,0.56,0.24,0.19,0.76,0.34
10867,entri,0.39,0.46,0.36,0.12,0.14,0.40,0.21,0.53,0.25
10869,enter,0.57,0.72,0.81,0.10,0.28,0.71,0.47,0.53,0.54
10876,entir,0.34,0.31,0.21,0.09,0.39,0.17,0.33,0.12,0.32
10877,entireti,0.10,0.08,0.09,0.05,0.08,0.07,0.05,0.06,0.07
10878,entiti,0.52,0.60,0.77,0.91,0.69,0.57,0.60,0.74,0.63
10889,encod,0.21,0.31,0.23,0.10,0.36,0.07,0.02,0.06,0.17
10890,express,0.17,0.35,0.13,0.03,0.36,0.24,0.07,0.53,0.26
10907,extend,0.20,0.11,0.12,0.12,0.06,0.07,0.09,0.29,0.20
10910,extent,0.10,0.05,0.04,0.03,0.11,0.07,0.23,0.09,0.08
10921,expenditur,0.03,0.01,0.05,0.60,0.06,0.05,0.12,0.03,0.02
10922,experi,0.22,0.08,0.17,0.67,0.11,0.24,0.09,0.15,0.12
10925,explicitli,0.09,0.07,0.06,0.07,0.25,0.14,0.09,0.03,0.11
10931,explain,0.15,0.10,0.08,0.07,0.14,0.21,0.30,0.09,0.14
10932,explan,0.07,0.07,0.04,0.05,0.06,0.05,0.26,0.03,0.06
10936,extern,0.36,0.25,0.27,0.81,0.28,0.14,0.23,0.76,0.24
10944,facil,0.24,0.16,0.04,0.03,0.03,0.21,0.05,0.06,0.16
10946,facilit,0.52,0.49,0.68,0.19,0.56,0.79,0.42,0.65,0.49
10948,fact,0.19,0.30,0.14,0.07,0.14,0.21,0.30,0.06,0.18
10949,face,0.19,0.19,0.06,0.62,0.06,0.26,0.26,0.03,0.13
10951,factor,0.27,0.19,0.22,0.34,0.11,0.29,0.53,0.88,0.34
10956,fail,0.17,0.31,0.14,0.12,0.08,0.17,0.21,0.59,0.17
10964,extract,0.15,0.10,0.13,0.02,0.14,0.05,0.02,0.06,0.05
10983,expect,0.19,0.10,0.09,0.07,0.17,0.26,0.67,0.03,0.17
10990,everi,0.30,0.34,0.08,0.03,0.25,0.19,0.21,0.09,0.18
11004,evolv,0.07,0.02,0.08,0.02,0.11,0.05,0.02,0.03,0.02
11008,event,0.38,0.27,0.27,0.24,0.19,0.24,0.42,0.35,0.33
11024,evalu,0.16,0.16,0.05,0.57,0.03,0.07,0.44,0.26,0.22
11030,even,0.54,0.61,0.35,0.72,0.67,0.60,0.56,0.12,0.50
11035,exemplari,0.39,0.48,0.48,0.76,0.22,0.21,0.44,0.68,0.43
11044,exist,0.63,0.67,0.48,0.90,0.67,0.83,0.65,0.74,0.62
11054,expand,0.10,0.11,0.01,0.02,0.08,0.29,0.12,0.12,0.05
11058,execut,0.66,0.69,0.75,0.66,0.97,0.79,0.72,0.41,0.67
11060,exampl,0.98,0.99,0.97,0.98,0.94,1.00,0.95,0.97,0.96
11064,exceed,0.06,0.14,0.05,0.03,0.08,0.14,0.16,0.15,0.15
11066,except,0.19,0.14,0.13,0.71,0.03,0.17,0.09,0.09,0.14
11071,exchang,0.38,0.49,0.57,0.72,0.72,0.64,0.33,0.62,0.50
11078,encompass,0.10,0.13,0.08,0.03,0.06,0.05,0.05,0.06,0.09
11103,due,0.35,0.41,0.21,0.21,0.42,0.33,0.51,0.71,0.35
11126,dvd,0.09,0.07,0.17,0.03,0.06,0.12,0.02,0.03,0.07
11138,easili,0.34,0.37,0.21,0.03,0.22,0.38,0.19,0.18,0.22
11161,dynam,0.24,0.24,0.22,0.09,0.19,0.05,0.23,0.24,0.17
11164,earn,0.10,0.05,0.01,0.02,0.03,0.05,0.28,0.03,0.17
11171,earlier,0.08,0.02,0.01,0.57,0.06,0.17,0.09,0.03,0.09
11183,download,0.29,0.28,0.47,0.02,0.19,0.17,0.14,0.38,0.13
11227,drive,0.32,0.12,0.17,0.16,0.17,0.19,0.26,0.38,0.16
11257,draw,0.49,0.57,0.49,0.24,0.42,0.48,0.53,0.79,0.48
11278,elimin,0.22,0.24,0.14,0.03,0.14,0.31,0.19,0.65,0.15
11292,email,0.27,0.24,0.32,0.14,0.25,0.55,0.07,0.53,0.17
11306,electron,0.69,0.88,0.88,0.26,0.81,0.93,0.56,0.65,0.71
11307,element,0.49,0.65,0.64,0.28,0.44,0.69,0.49,0.74,0.44
11321,employ,0.41,0.46,0.34,0.81,0.22,0.24,0.65,0.71,0.51
11333,enabl,0.71,0.70,0.78,0.86,0.50,0.88,0.56,0.76,0.54
11351,embodi,0.93,0.94,0.92,0.98,0.81,0.98,0.93,0.94,0.93
11356,emerg,0.14,0.13,0.09,0.03,0.08,0.12,0.19,0.06,0.10
11386,edit,0.12,0.05,0.01,0.03,0.11,0.07,0.09,0.47,0.08
11416,either,0.66,0.63,0.58,0.84,0.58,0.81,0.53,0.32,0.63
11443,effect,0.44,0.36,0.36,0.79,0.33,0.31,0.65,0.76,0.44
11446,effici,0.31,0.25,0.25,0.14,0.56,0.36,0.33,0.09,0.28
11447,effort,0.14,0.16,0.09,0.10,0.14,0.21,0.14,0.12,0.08
11460,failur,0.10,0.07,0.04,0.05,0.14,0.05,0.14,0.06,0.08
11469,gener,0.96,0.98,0.97,0.98,0.94,0.90,0.98,0.97,0.95
11480,geograph,0.25,0.14,0.19,0.17,0.06,0.07,0.09,0.53,0.13
11500,gateway,0.11,0.17,0.25,0.05,0.14,0.12,0.05,0.12,0.12
11501,gather,0.17,0.17,0.05,0.76,0.03,0.12,0.28,0.12,0.08
11520,global,0.29,0.17,0.26,0.10,0.28,0.14,0.07,0.32,0.20
11535,gift,0.12,0.17,0.18,0.05,0.08,0.38,0.14,0.06,0.23
11546,given,0.52,0.53,0.32,0.34,0.22,0.50,0.60,0.18,0.44
11555,give,0.25,0.13,0.10,0.03,0.14,0.29,0.30,0.06,0.22
11559,full,0.23,0.24,0.06,0.62,0.17,0.14,0.23,0.06,0.16
11572,fulli,0.21,0.25,0.21,0.09,0.31,0.24,0.35,0.44,0.30
11575,function,0.75,0.72,0.77,0.88,0.78,0.86,0.67,0.91,0.69
11577,fund,0.28,0.43,0.71,0.26,0.69,0.95,0.84,0.53,0.73
11628,gain,0.15,0.30,0.13,0.05,0.03,0.05,0.19,0.56,0.16
11640,furthermor,0.29,0.35,0.42,0.57,0.36,0.45,0.42,0.15,0.33
11645,futur,0.34,0.34,0.34,0.16,0.11,0.36,0.67,0.15,0.38
11688,group,0.53,0.42,0.32,0.83,0.31,0.24,0.53,0.24,0.43
11722,hand,0.27,0.25,0.21,0.03,0.19,0.33,0.23,0.24,0.21
11752,googl,0.05,0.06,0.10,0.02,0.06,0.07,0.05,0.03,0.03
11764,govern,0.21,0.18,0.10,0.14,0.22,0.14,0.33,0.24,0.25
11771,good,0.40,0.58,0.57,0.64,0.28,0.57,0.26,0.59,0.46
11810,greater,0.35,0.34,0.39,0.76,0.33,0.29,0.44,0.38,0.42
11821,graphic,0.33,0.14,0.32,0.07,0.36,0.21,0.35,0.12,0.20
11847,fifth,0.06,0.07,0.06,0.07,0.03,0.02,0.07,0.03,0.04
11849,fig,0.83,0.84,0.88,0.95,0.58,0.98,0.77,0.79,0.83
11851,figur,0.29,0.30,0.47,0.03,0.17,0.45,0.33,0.12,0.27
11853,file,0.49,0.40,0.35,0.29,0.39,0.45,0.58,0.65,0.40
11859,fill,0.13,0.07,0.03,0.03,0.03,0.29,0.07,0.03,0.08
11864,filter,0.12,0.05,0.01,0.10,0.06,0.07,0.12,0.12,0.05
11868,final,0.28,0.24,0.18,0.76,0.31,0.33,0.28,0.09,0.25
11875,fewer,0.10,0.04,0.09,0.05,0.14,0.05,0.16,0.09,0.06
11880,field,0.86,0.84,0.86,0.97,0.72,0.76,0.93,1.00,0.77
11896,firmwar,0.10,0.11,0.27,0.05,0.08,0.05,0.09,0.12,0.10
11897,first,0.80,0.80,0.83,0.91,0.81,0.81,0.86,0.76,0.77
11907,fit,0.08,0.13,0.05,0.03,0.08,0.02,0.21,0.09,0.05
11911,fix,0.17,0.17,0.18,0.05,0.14,0.10,0.49,0.12,0.28
11914,firm,0.05,0.02,0.01,0.10,0.08,0.14,0.21,0.03,0.10
11921,find,0.27,0.19,0.25,0.12,0.17,0.31,0.40,0.21,0.18
11950,faster,0.09,0.07,0.05,0.02,0.03,0.07,0.09,0.06,0.04
11974,famili,0.09,0.05,0.06,0.09,0.03,0.26,0.26,0.12,0.11
11990,fee,0.31,0.23,0.21,0.67,0.61,0.40,0.37,0.12,0.38
11992,feedback,0.09,0.04,0.04,0.05,0.03,0.05,0.14,0.21,0.03
12012,feder,0.10,0.11,0.04,0.02,0.06,0.02,0.12,0.09,0.21
12027,featur,0.65,0.66,0.78,0.34,0.64,0.79,0.51,0.88,0.58
12045,forth,0.30,0.35,0.39,0.14,0.39,0.33,0.47,0.09,0.29
12047,format,0.44,0.37,0.32,0.76,0.19,0.24,0.37,0.53,0.30
12052,forward,0.18,0.39,0.45,0.10,0.19,0.21,0.16,0.65,0.21
12055,found,0.26,0.18,0.16,0.14,0.14,0.14,0.28,0.53,0.16
12080,form,0.79,0.82,0.83,0.93,0.75,0.86,0.84,0.74,0.82
12082,four,0.15,0.31,0.05,0.07,0.17,0.12,0.19,0.24,0.10
12102,frequenc,0.33,0.28,0.40,0.19,0.06,0.12,0.14,0.68,0.28
12105,fraud,0.15,0.69,0.26,0.26,0.31,0.38,0.02,0.06,0.22
12111,fourth,0.12,0.06,0.13,0.09,0.08,0.07,0.09,0.09,0.09
12128,framework,0.06,0.02,0.01,0.03,0.08,0.02,0.05,0.03,0.04
12129,foreign,0.03,0.04,0.05,0.03,0.06,0.05,0.14,0.06,0.09
12145,flow,0.32,0.42,0.32,0.10,0.19,0.36,0.40,0.15,0.34
12146,flowchart,0.09,0.11,0.18,0.64,0.08,0.21,0.07,0.06,0.13
12155,forego,0.21,0.13,0.19,0.67,0.17,0.17,0.30,0.12,0.30
12159,flash,0.13,0.20,0.14,0.05,0.19,0.17,0.14,0.24,0.12
12175,flexibl,0.24,0.14,0.13,0.69,0.06,0.21,0.30,0.59,0.22
12195,forc,0.08,0.07,0.03,0.05,0.17,0.02,0.19,0.09,0.12
12203,follow,0.75,0.67,0.78,0.88,0.72,0.90,0.81,0.94,0.75
